credit_profile_id,customer_id,aecb_score,credit_score_band,credit_report_date,total_active_loans,total_credit_cards,total_outstanding_balance,monthly_installment_amount,debt_burden_ratio,missed_payments_count,days_past_due_max,credit_history_months,credit_risk_category
CRD000001,CUST00001,828,Excellent,2026-05-06,0,1,4742.98,3924.89,14.58,0,0,130,Low
CRD000002,CUST00002,841,Excellent,2024-04-19,0,0,0.0,4882.75,15.91,0,0,168,Low
CRD000003,CUST00003,756,Excellent,2026-02-12,0,0,0.0,6302.92,37.62,0,0,174,Low
CRD000004,CUST00004,810,Excellent,2024-09-18,1,1,24572.69,13630.5,37.32,0,0,153,Low
CRD000005,CUST00005,702,Good,2025-06-08,2,0,98618.06,6206.96,20.15,1,30,75,Low
CRD000006,CUST00006,796,Excellent,2024-06-18,3,2,140091.91,14732.92,26.88,0,0,39,Low
CRD000007,CUST00007,834,Excellent,2025-07-23,2,0,48020.61,24184.63,54.82,0,0,155,Low
CRD000008,CUST00008,812,Excellent,2025-05-28,0,0,0.0,6374.85,14.72,0,0,131,Low
CRD000009,CUST00009,573,Fair,2025-06-22,0,2,29312.36,16441.97,35.21,5,120,6,Medium
CRD000010,CUST00010,798,Excellent,2026-11-24,0,0,0.0,14748.94,35.94,0,0,85,Low
CRD000011,CUST00011,581,Fair,2026-03-17,0,0,0.0,8300.43,41.8,2,120,142,Medium
CRD000012,CUST00012,776,Excellent,2026-09-01,2,1,142309.55,16260.83,36.49,0,0,27,Low
CRD000013,CUST00013,792,Excellent,2026-10-19,0,1,11484.79,4039.45,20.41,0,0,161,Low
CRD000014,CUST00014,637,Fair,2024-09-06,1,1,63845.7,2173.05,34.94,0,0,118,Medium
CRD000015,CUST00015,742,Good,2025-02-20,0,0,0.0,1709.56,11.62,0,0,6,Low
CRD000016,CUST00016,756,Excellent,2024-03-30,1,0,38236.47,2524.0,12.1,1,90,43,Low
CRD000017,CUST00017,763,Excellent,2024-04-16,1,0,62616.96,3424.61,33.61,0,0,178,Low
CRD000018,CUST00018,559,Fair,2026-07-22,1,2,76089.9,84.17,4.99,0,0,131,Medium
CRD000019,CUST00019,753,Excellent,2026-07-31,0,3,68956.82,5500.11,19.96,0,0,54,Low
CRD000020,CUST00020,743,Good,2024-06-28,2,2,193028.95,2045.46,15.52,0,0,46,Low
CRD000021,CUST00021,740,Good,2025-12-10,3,2,236502.66,3879.02,33.41,1,120,139,Low
CRD000022,CUST00022,829,Excellent,2025-07-07,1,3,92760.31,5142.47,13.18,0,0,31,Low
CRD000023,CUST00023,696,Good,2024-01-05,1,1,25698.05,1378.76,6.73,0,0,170,Low
CRD000024,CUST00024,655,Good,2025-01-20,1,1,75481.74,3326.1,36.14,0,0,92,Low
CRD000025,CUST00025,629,Fair,2024-01-26,1,1,27214.33,598.26,15.33,0,0,38,Medium
CRD000026,CUST00026,769,Excellent,2024-03-06,1,0,25372.84,5438.46,19.05,0,0,56,Low
CRD000027,CUST00027,534,Poor,2024-09-30,1,3,48202.86,537.96,6.79,1,30,62,High
CRD000028,CUST00028,505,Poor,2025-06-05,1,1,70903.61,99.82,9.68,1,30,84,High
CRD000029,CUST00029,822,Excellent,2026-01-19,1,2,21815.7,6345.71,11.81,0,0,48,Low
CRD000030,CUST00030,789,Excellent,2024-08-16,2,1,96893.48,6599.66,23.23,1,30,83,Low
CRD000031,CUST00031,640,Fair,2024-12-27,0,2,15962.19,2859.61,6.75,5,120,98,Medium
CRD000032,CUST00032,709,Good,2025-03-07,1,2,71070.01,6378.32,22.0,0,0,144,Low
CRD000033,CUST00033,721,Good,2026-01-03,1,1,48900.18,17091.21,43.72,0,0,109,Low
CRD000034,CUST00034,453,Poor,2026-06-15,0,1,1500.17,539.58,10.99,3,30,125,High
CRD000035,CUST00035,649,Fair,2026-01-23,2,0,64454.78,1042.83,10.76,0,0,126,Medium
CRD000036,CUST00036,673,Good,2025-10-01,0,1,13898.65,6159.13,43.67,0,0,126,Low
CRD000037,CUST00037,761,Excellent,2024-07-05,3,0,71727.56,5957.35,11.88,0,0,169,Low
CRD000038,CUST00038,789,Excellent,2024-08-07,0,2,4277.99,1478.47,8.65,0,0,51,Low
CRD000039,CUST00039,744,Good,2025-11-07,0,0,0.0,11091.55,27.97,0,0,40,Low
CRD000040,CUST00040,728,Good,2024-04-17,1,3,74877.26,11184.05,34.36,0,0,28,Low
CRD000041,CUST00041,739,Good,2024-12-23,0,1,11904.64,7373.24,16.87,0,0,81,Low
CRD000042,CUST00042,723,Good,2025-07-24,1,0,64420.18,1758.54,20.84,0,0,92,Low
CRD000043,CUST00043,826,Excellent,2024-04-19,0,1,9493.61,11754.12,33.83,0,0,158,Low
CRD000044,CUST00044,752,Excellent,2026-06-22,0,1,7771.29,2467.88,6.31,0,0,58,Low
CRD000045,CUST00045,450,Poor,2026-09-13,0,1,21280.32,844.68,13.97,5,30,110,High
CRD000046,CUST00046,799,Excellent,2024-12-06,1,1,33960.5,4500.14,12.74,0,0,91,Low
CRD000047,CUST00047,743,Good,2024-10-28,1,1,49963.06,884.3,14.33,0,0,72,Low
CRD000048,CUST00048,543,Poor,2026-03-26,0,1,2994.56,150.7,12.94,0,0,173,High
CRD000049,CUST00049,634,Fair,2024-08-10,0,2,25319.29,4279.7,18.64,1,30,23,Medium
CRD000050,CUST00050,809,Excellent,2025-01-14,0,0,0.0,2568.51,8.7,0,0,100,Low
CRD000051,CUST00051,723,Good,2024-01-10,1,3,88704.16,11308.5,29.21,0,0,71,Low
CRD000052,CUST00052,673,Good,2026-12-10,1,0,49752.72,6588.51,35.54,0,0,21,Low
CRD000053,CUST00053,616,Fair,2026-10-26,0,1,18238.56,2269.32,35.76,2,60,96,Medium
CRD000054,CUST00054,757,Excellent,2026-09-16,0,1,15710.3,10273.33,30.74,0,0,153,Low
CRD000055,CUST00055,766,Excellent,2025-03-12,0,0,0.0,4831.32,16.84,0,0,83,Low
CRD000056,CUST00056,548,Poor,2026-12-17,0,1,24509.23,182.38,17.13,0,0,178,High
CRD000057,CUST00057,533,Poor,2025-01-06,2,1,152635.03,12.2,0.43,0,0,129,High
CRD000058,CUST00058,781,Excellent,2026-12-05,0,0,0.0,5191.12,12.2,0,0,118,Low
CRD000059,CUST00059,766,Excellent,2025-08-03,1,2,102817.15,5994.93,23.01,0,0,46,Low
CRD000060,CUST00060,805,Excellent,2025-03-19,1,1,58678.73,3701.09,9.85,0,0,49,Low
CRD000061,CUST00061,752,Excellent,2026-02-28,2,1,127890.76,15141.53,38.54,3,60,162,Low
CRD000062,CUST00062,598,Fair,2025-01-05,1,2,34228.73,1608.39,23.69,0,0,58,Medium
CRD000063,CUST00063,660,Good,2026-04-14,0,0,0.0,2263.79,18.79,0,0,85,Low
CRD000064,CUST00064,724,Good,2024-04-27,1,1,75653.51,23102.55,47.05,2,60,24,Low
CRD000065,CUST00065,604,Fair,2026-12-09,0,0,0.0,83.35,1.69,0,0,45,Medium
CRD000066,CUST00066,801,Excellent,2026-09-19,2,1,148778.05,6339.4,27.53,0,0,69,Low
CRD000067,CUST00067,684,Good,2025-04-24,0,1,2369.78,13460.71,43.57,1,90,127,Low
CRD000068,CUST00068,821,Excellent,2024-12-12,0,1,4436.53,13415.02,44.62,0,0,94,Low
CRD000069,CUST00069,775,Excellent,2026-06-25,0,0,0.0,4360.26,26.58,0,0,172,Low
CRD000070,CUST00070,820,Excellent,2026-03-26,1,1,15579.14,5038.18,11.99,0,0,100,Low
CRD000071,CUST00071,725,Good,2024-03-24,0,1,22849.79,5266.85,21.64,1,30,122,Low
CRD000072,CUST00072,651,Good,2024-12-12,0,2,8355.61,2924.82,15.49,0,0,35,Low
CRD000073,CUST00073,801,Excellent,2024-09-06,2,3,25754.74,18624.11,42.14,0,0,15,Low
CRD000074,CUST00074,682,Good,2024-01-11,2,1,109233.87,8513.14,19.91,1,120,34,Low
CRD000075,CUST00075,698,Good,2025-09-16,1,2,67920.11,8309.36,29.47,3,15,78,Low
CRD000076,CUST00076,670,Good,2024-11-06,2,3,58034.15,7321.27,37.39,0,0,44,Low
CRD000077,CUST00077,642,Fair,2026-11-04,0,0,0.0,1113.9,14.56,0,0,90,Medium
CRD000078,CUST00078,798,Excellent,2025-10-31,0,0,0.0,5299.81,17.84,0,0,45,Low
CRD000079,CUST00079,524,Poor,2024-06-20,1,1,52208.23,3654.31,38.72,2,60,46,High
CRD000080,CUST00080,787,Excellent,2026-08-13,0,0,0.0,4886.93,15.14,1,15,90,Low
CRD000081,CUST00081,608,Fair,2025-03-16,0,2,48482.76,1115.71,12.88,1,30,113,Medium
CRD000082,CUST00082,612,Fair,2024-09-12,0,1,7899.58,6766.21,46.03,4,90,133,Medium
CRD000083,CUST00083,699,Good,2024-01-30,0,0,0.0,4797.55,36.73,0,0,39,Low
CRD000084,CUST00084,710,Good,2025-09-21,0,1,20599.23,6696.6,43.62,0,0,77,Low
CRD000085,CUST00085,707,Good,2024-03-30,0,1,22888.47,1935.31,7.97,3,120,21,Low
CRD000086,CUST00086,699,Good,2024-12-23,0,1,10393.78,6867.79,42.0,1,90,117,Low
CRD000087,CUST00087,845,Excellent,2025-09-30,0,2,22839.72,3653.9,11.32,0,0,172,Low
CRD000088,CUST00088,597,Fair,2025-11-02,0,2,49231.25,5788.93,23.03,3,60,158,Medium
CRD000089,CUST00089,565,Fair,2026-08-03,1,2,101949.36,4495.06,21.28,5,60,125,Medium
CRD000090,CUST00090,730,Good,2025-03-09,0,0,0.0,2146.14,5.66,0,0,154,Low
CRD000091,CUST00091,740,Good,2026-02-12,2,1,63591.91,853.04,5.63,2,30,125,Low
CRD000092,CUST00092,647,Fair,2025-08-16,1,1,38258.05,4540.63,18.95,4,60,158,Medium
CRD000093,CUST00093,729,Good,2024-07-24,1,1,36746.28,5533.51,33.61,1,15,45,Low
CRD000094,CUST00094,776,Excellent,2024-12-18,0,2,16106.51,2517.35,9.54,0,0,57,Low
CRD000095,CUST00095,505,Poor,2026-05-04,0,3,18722.15,307.71,13.45,0,0,105,High
CRD000096,CUST00096,533,Poor,2026-01-24,1,1,91792.94,19.05,3.02,2,60,129,High
CRD000097,CUST00097,687,Good,2024-01-02,0,0,0.0,7520.16,30.72,1,120,146,Low
CRD000098,CUST00098,578,Fair,2026-07-24,1,1,25801.51,296.92,5.73,0,0,99,Medium
CRD000099,CUST00099,581,Fair,2026-02-18,2,2,31919.3,340.96,7.69,4,120,33,Medium
CRD000100,CUST00100,739,Good,2026-08-05,0,0,0.0,18502.5,43.46,0,0,145,Low
CRD000101,CUST00101,803,Excellent,2026-01-16,1,1,79648.99,11956.33,41.91,0,0,169,Low
CRD000102,CUST00102,705,Good,2024-05-11,1,1,64280.25,4632.78,14.84,0,0,100,Low
CRD000103,CUST00103,620,Fair,2025-03-28,1,0,7129.93,4966.08,32.41,1,60,81,Medium
CRD000104,CUST00104,653,Good,2025-08-15,0,0,0.0,3428.66,33.65,0,0,107,Low
CRD000105,CUST00105,487,Poor,2025-02-08,1,1,77022.37,18.12,11.73,0,0,103,High
CRD000106,CUST00106,502,Poor,2024-06-11,0,1,3410.99,1174.45,16.64,2,60,69,High
CRD000107,CUST00107,665,Good,2025-07-19,2,1,151120.29,4007.79,22.44,0,0,26,Low
CRD000108,CUST00108,577,Fair,2025-06-10,0,2,12595.58,2404.25,31.96,0,0,102,Medium
CRD000109,CUST00109,660,Good,2026-04-25,2,1,60972.72,3402.3,18.15,3,120,22,Low
CRD000110,CUST00110,827,Excellent,2024-04-14,0,1,8511.44,3145.38,8.96,0,0,85,Low
CRD000111,CUST00111,741,Good,2024-09-30,0,0,0.0,6720.41,28.71,0,0,92,Low
CRD000112,CUST00112,690,Good,2024-12-31,1,0,26362.96,15487.61,41.42,4,90,150,Low
CRD000113,CUST00113,510,Poor,2024-09-07,0,1,16629.49,3750.09,43.46,3,60,44,High
CRD000114,CUST00114,655,Good,2026-07-01,1,1,32557.34,7942.65,39.19,0,0,127,Low
CRD000115,CUST00115,784,Excellent,2026-06-20,0,1,1752.32,4184.88,40.6,0,0,94,Low
CRD000116,CUST00116,839,Excellent,2025-11-24,3,1,71951.5,7506.21,25.54,0,0,66,Low
CRD000117,CUST00117,582,Fair,2025-02-04,1,0,52017.17,2232.98,10.88,3,60,95,Medium
CRD000118,CUST00118,735,Good,2025-03-22,2,1,118953.39,15803.01,42.98,2,90,177,Low
CRD000119,CUST00119,477,Poor,2024-09-08,0,1,12747.92,570.22,20.82,0,0,14,High
CRD000120,CUST00120,541,Poor,2025-02-05,1,0,29573.89,2698.34,6.02,5,30,99,High
CRD000121,CUST00121,755,Excellent,2025-09-24,1,1,16780.26,2494.31,21.11,0,0,115,Low
CRD000122,CUST00122,629,Fair,2025-03-17,2,1,76707.89,858.38,17.74,0,0,88,Medium
CRD000123,CUST00123,616,Fair,2024-12-22,0,1,22935.58,2390.75,20.78,3,60,143,Medium
CRD000124,CUST00124,634,Fair,2025-02-17,2,0,69434.23,55.26,1.63,0,0,178,Medium
CRD000125,CUST00125,731,Good,2026-12-28,0,1,23400.07,5280.3,14.67,0,0,113,Low
CRD000126,CUST00126,821,Excellent,2026-06-19,1,1,36683.79,10950.92,29.76,0,0,107,Low
CRD000127,CUST00127,735,Good,2026-02-08,0,3,5601.34,18644.41,38.79,0,0,104,Low
CRD000128,CUST00128,707,Good,2026-11-26,2,0,112594.54,247.6,7.9,0,0,107,Low
CRD000129,CUST00129,634,Fair,2024-06-20,0,1,6677.76,1405.67,22.95,0,0,31,Medium
CRD000130,CUST00130,722,Good,2024-09-13,1,1,28535.96,14722.42,40.3,0,0,105,Low
CRD000131,CUST00131,575,Fair,2025-05-26,1,1,12577.45,2600.16,37.17,0,0,110,Medium
CRD000132,CUST00132,693,Good,2024-07-01,1,1,70158.57,6832.81,44.55,0,0,174,Low
CRD000133,CUST00133,695,Good,2026-11-21,0,1,11565.16,2220.68,17.76,2,30,164,Low
CRD000134,CUST00134,812,Excellent,2024-03-01,0,0,0.0,11062.74,41.31,0,0,56,Low
CRD000135,CUST00135,701,Good,2026-08-18,1,2,106842.49,11224.74,25.64,0,0,131,Low
CRD000136,CUST00136,774,Excellent,2026-10-23,2,2,154747.32,15930.24,35.93,0,0,31,Low
CRD000137,CUST00137,753,Excellent,2026-06-06,0,0,0.0,8628.38,34.02,0,0,68,Low
CRD000138,CUST00138,750,Excellent,2026-07-17,1,1,50509.17,9426.13,33.28,0,0,20,Low
CRD000139,CUST00139,664,Good,2026-01-01,0,1,11242.16,6172.77,33.93,0,0,104,Low
CRD000140,CUST00140,704,Good,2026-04-19,1,1,82500.7,13117.41,36.69,0,0,163,Low
CRD000141,CUST00141,795,Excellent,2025-06-15,0,1,12914.86,3610.72,10.01,0,0,33,Low
CRD000142,CUST00142,716,Good,2025-08-03,0,2,29302.63,9576.18,36.25,0,0,139,Low
CRD000143,CUST00143,721,Good,2024-11-14,1,2,10762.48,2830.81,18.31,2,15,147,Low
CRD000144,CUST00144,596,Fair,2024-10-24,0,1,14233.61,6287.58,16.77,3,120,61,Medium
CRD000145,CUST00145,772,Excellent,2026-12-30,0,1,21184.21,2686.09,21.43,0,0,33,Low
CRD000146,CUST00146,624,Fair,2026-01-11,0,0,0.0,452.85,5.39,2,15,125,Medium
CRD000147,CUST00147,666,Good,2024-09-13,0,0,0.0,235.18,5.04,0,0,87,Low
CRD000148,CUST00148,682,Good,2024-12-10,1,0,14008.73,9658.67,39.65,0,0,63,Low
CRD000149,CUST00149,780,Excellent,2026-09-25,3,1,126708.8,9351.55,38.02,0,0,26,Low
CRD000150,CUST00150,825,Excellent,2025-05-18,0,1,22620.9,8805.12,35.0,0,0,151,Low
CRD000151,CUST00151,729,Good,2025-12-06,1,2,86832.35,16158.32,41.13,0,0,52,Low
CRD000152,CUST00152,702,Good,2026-06-14,0,1,13448.21,1446.57,8.51,1,30,88,Low
CRD000153,CUST00153,778,Excellent,2025-05-30,0,0,0.0,4948.9,11.48,1,15,90,Low
CRD000154,CUST00154,803,Excellent,2025-04-24,0,0,0.0,2274.62,6.07,1,60,37,Low
CRD000155,CUST00155,785,Excellent,2026-10-31,0,0,0.0,16919.4,41.72,0,0,112,Low
CRD000156,CUST00156,812,Excellent,2024-10-18,1,0,53989.27,10770.08,25.03,0,0,70,Low
CRD000157,CUST00157,729,Good,2025-11-06,0,3,10612.72,8475.47,25.71,0,0,38,Low
CRD000158,CUST00158,533,Poor,2025-03-22,2,0,15598.03,36.19,19.25,0,0,20,High
CRD000159,CUST00159,666,Good,2026-05-01,0,1,14091.08,4552.43,39.48,0,0,175,Low
CRD000160,CUST00160,493,Poor,2026-09-08,1,1,71248.52,52.58,2.57,1,60,81,High
CRD000161,CUST00161,775,Excellent,2025-05-24,0,0,0.0,2020.08,17.27,0,0,169,Low
CRD000162,CUST00162,573,Fair,2026-07-01,0,1,22534.57,293.44,5.08,2,120,164,Medium
CRD000163,CUST00163,695,Good,2024-04-10,0,0,0.0,6937.39,43.4,2,90,133,Low
CRD000164,CUST00164,629,Fair,2024-07-13,0,1,12687.83,4747.08,28.87,3,60,85,Medium
CRD000165,CUST00165,626,Fair,2025-01-15,1,0,37838.41,12862.5,36.8,2,15,139,Medium
CRD000166,CUST00166,636,Fair,2025-01-10,1,2,44777.57,10490.48,41.25,3,60,136,Medium
CRD000167,CUST00167,799,Excellent,2024-06-12,2,1,129349.82,19463.87,51.3,1,15,60,Low
CRD000168,CUST00168,620,Fair,2025-06-30,0,2,6629.31,200.67,9.61,0,0,134,Medium
CRD000169,CUST00169,671,Good,2025-09-15,0,2,27245.74,1292.61,13.93,0,0,137,Low
CRD000170,CUST00170,709,Good,2024-06-23,1,1,65804.66,1970.63,6.55,2,120,128,Low
CRD000171,CUST00171,725,Good,2024-04-20,0,2,16098.01,8645.99,30.81,0,0,23,Low
CRD000172,CUST00172,796,Excellent,2025-02-22,1,1,54479.23,20261.13,34.23,0,0,11,Low
CRD000173,CUST00173,443,Very Poor,2026-12-11,0,1,11215.8,221.82,19.24,1,120,152,High
CRD000174,CUST00174,727,Good,2025-04-12,0,3,26829.05,7629.42,37.19,0,0,170,Low
CRD000175,CUST00175,664,Good,2026-02-04,0,0,0.0,6074.24,20.65,2,90,110,Low
CRD000176,CUST00176,539,Poor,2024-04-18,0,0,0.0,2317.55,12.31,5,90,117,High
CRD000177,CUST00177,723,Good,2024-12-03,1,1,78106.13,10543.26,38.9,1,120,75,Low
CRD000178,CUST00178,608,Fair,2026-03-26,0,2,47931.81,203.67,19.54,1,120,119,Medium
CRD000179,CUST00179,717,Good,2025-02-05,1,1,35097.32,20743.17,30.64,0,0,168,Low
CRD000180,CUST00180,735,Good,2025-12-06,0,0,0.0,4094.61,35.23,0,0,36,Low
CRD000181,CUST00181,592,Fair,2026-01-12,1,1,47046.44,3473.69,23.24,3,120,156,Medium
CRD000182,CUST00182,624,Fair,2024-03-28,0,3,40425.85,10839.72,44.0,4,60,153,Medium
CRD000183,CUST00183,779,Excellent,2025-03-16,0,0,0.0,16781.74,30.5,0,0,14,Low
CRD000184,CUST00184,778,Excellent,2024-11-01,2,2,123647.93,13928.53,44.49,1,30,82,Low
CRD000185,CUST00185,779,Excellent,2024-11-28,0,2,25152.67,6785.32,26.52,0,0,106,Low
CRD000186,CUST00186,674,Good,2024-12-29,2,1,160338.32,6920.23,21.35,1,60,42,Low
CRD000187,CUST00187,675,Good,2025-11-28,0,1,19406.86,8028.49,37.95,0,0,26,Low
CRD000188,CUST00188,340,Very Poor,2024-06-13,0,0,0.0,25.08,14.1,3,90,66,High
CRD000189,CUST00189,607,Fair,2026-05-09,0,2,30165.52,681.87,14.69,0,0,26,Medium
CRD000190,CUST00190,781,Excellent,2025-10-10,0,1,12621.66,5293.75,14.77,0,0,114,Low
CRD000191,CUST00191,687,Good,2026-11-13,1,1,86666.38,7903.0,40.69,3,30,119,Low
CRD000192,CUST00192,761,Excellent,2025-02-03,0,1,3951.48,16501.59,44.3,1,15,153,Low
CRD000193,CUST00193,722,Good,2024-01-24,1,0,65386.8,18132.69,52.01,0,0,169,Low
CRD000194,CUST00194,650,Good,2025-11-20,0,2,37354.87,5765.18,39.2,0,0,84,Low
CRD000195,CUST00195,746,Good,2026-10-14,2,0,145709.47,15032.22,35.71,0,0,145,Low
CRD000196,CUST00196,657,Good,2025-09-21,0,2,45108.12,2431.66,25.4,1,60,150,Low
CRD000197,CUST00197,802,Excellent,2026-11-12,2,1,121143.76,3647.25,15.85,0,0,83,Low
CRD000198,CUST00198,635,Fair,2026-02-13,1,1,23860.38,130.61,3.96,1,30,48,Medium
CRD000199,CUST00199,777,Excellent,2026-12-24,0,0,0.0,6834.93,23.32,2,60,131,Low
CRD000200,CUST00200,486,Poor,2024-10-20,0,1,22283.8,271.49,11.4,2,30,7,High
CRD000201,CUST00201,733,Good,2025-12-09,0,0,0.0,6108.34,15.31,1,30,50,Low
CRD000202,CUST00202,667,Good,2024-01-07,0,0,0.0,787.49,9.1,0,0,101,Low
CRD000203,CUST00203,846,Excellent,2024-11-04,0,1,6577.94,5505.32,11.49,0,0,79,Low
CRD000204,CUST00204,486,Poor,2024-11-07,0,2,23042.87,368.17,19.56,4,15,57,High
CRD000205,CUST00205,778,Excellent,2026-05-27,0,0,0.0,1674.83,15.62,0,0,141,Low
CRD000206,CUST00206,769,Excellent,2025-05-15,1,0,47210.23,11348.32,31.72,0,0,128,Low
CRD000207,CUST00207,718,Good,2026-11-15,1,0,18698.41,8785.58,26.36,1,90,115,Low
CRD000208,CUST00208,503,Poor,2026-07-05,0,1,9291.95,111.0,4.19,0,0,37,High
CRD000209,CUST00209,753,Excellent,2024-10-17,0,1,10093.44,19589.2,28.07,0,0,52,Low
CRD000210,CUST00210,763,Excellent,2026-09-09,1,1,79530.09,8547.46,28.22,0,0,66,Low
CRD000211,CUST00211,481,Poor,2026-11-23,1,1,28467.62,16.04,0.63,4,15,102,High
CRD000212,CUST00212,598,Fair,2025-12-19,0,1,23299.95,5656.0,36.69,3,30,158,Medium
CRD000213,CUST00213,714,Good,2026-12-30,0,1,16148.27,20379.38,51.98,0,0,53,Low
CRD000214,CUST00214,620,Fair,2026-06-26,0,1,20356.9,5371.19,17.65,3,120,111,Medium
CRD000215,CUST00215,679,Good,2026-06-15,1,0,74711.03,465.8,10.17,1,15,97,Low
CRD000216,CUST00216,659,Good,2026-09-22,2,1,95806.89,16669.14,41.48,3,60,61,Low
CRD000217,CUST00217,721,Good,2025-05-09,0,0,0.0,2543.77,16.41,0,0,66,Low
CRD000218,CUST00218,588,Fair,2025-07-14,1,1,35875.49,202.51,5.29,0,0,143,Medium
CRD000219,CUST00219,710,Good,2024-02-13,0,1,6075.4,1103.04,20.46,1,120,83,Low
CRD000220,CUST00220,752,Excellent,2025-12-14,3,0,113092.38,10832.16,43.41,0,0,159,Low
CRD000221,CUST00221,726,Good,2025-09-04,0,1,1269.89,6891.83,36.41,1,30,147,Low
CRD000222,CUST00222,758,Excellent,2026-11-12,1,1,67314.3,11497.01,27.09,0,0,154,Low
CRD000223,CUST00223,659,Good,2025-10-03,2,1,144200.1,1472.01,15.13,0,0,171,Low
CRD000224,CUST00224,626,Fair,2025-04-02,0,0,0.0,60.92,2.78,0,0,125,Medium
CRD000225,CUST00225,753,Excellent,2025-08-24,0,0,0.0,6222.06,22.61,1,30,103,Low
CRD000226,CUST00226,844,Excellent,2026-07-23,0,1,15524.82,13955.99,32.43,0,0,119,Low
CRD000227,CUST00227,686,Good,2025-10-25,1,0,68521.56,9761.38,47.14,0,0,27,Low
CRD000228,CUST00228,761,Excellent,2026-09-02,0,1,19603.97,27685.06,40.33,0,0,21,Low
CRD000229,CUST00229,729,Good,2025-10-15,0,2,29024.11,8165.87,19.3,2,120,15,Low
CRD000230,CUST00230,677,Good,2026-11-22,2,1,94441.63,4749.67,34.04,0,0,117,Low
CRD000231,CUST00231,718,Good,2024-06-14,0,2,21322.07,14706.83,40.03,0,0,164,Low
CRD000232,CUST00232,789,Excellent,2025-06-13,2,0,91959.04,12494.09,37.04,0,0,42,Low
CRD000233,CUST00233,615,Fair,2025-09-25,0,0,0.0,1131.91,13.53,0,0,143,Medium
CRD000234,CUST00234,495,Poor,2025-02-11,1,2,78707.31,137.44,11.62,1,90,108,High
CRD000235,CUST00235,672,Good,2024-01-28,1,0,45865.93,7684.91,18.45,3,15,129,Low
CRD000236,CUST00236,598,Fair,2026-04-22,1,1,55898.98,3187.31,43.59,1,90,59,Medium
CRD000237,CUST00237,706,Good,2024-08-19,1,1,40912.62,10218.23,24.07,1,120,171,Low
CRD000238,CUST00238,716,Good,2024-10-24,3,1,151787.48,7227.18,22.69,0,0,141,Low
CRD000239,CUST00239,567,Fair,2026-03-23,0,2,29984.29,298.54,9.63,0,0,154,Medium
CRD000240,CUST00240,684,Good,2024-06-02,0,1,2353.79,5579.82,44.79,0,0,42,Low
CRD000241,CUST00241,828,Excellent,2024-07-15,0,0,0.0,12164.04,35.79,0,0,152,Low
CRD000242,CUST00242,567,Fair,2025-10-29,0,1,24971.65,367.73,5.06,1,120,113,Medium
CRD000243,CUST00243,680,Good,2026-05-26,0,3,4112.51,3409.87,31.66,1,30,145,Low
CRD000244,CUST00244,620,Fair,2025-06-03,0,2,32790.39,8754.75,24.06,5,15,101,Medium
CRD000245,CUST00245,680,Good,2026-01-30,0,0,0.0,387.1,7.62,0,0,18,Low
CRD000246,CUST00246,460,Poor,2024-07-18,1,0,48830.26,2026.58,38.65,5,60,8,High
CRD000247,CUST00247,647,Fair,2026-02-06,1,1,71451.27,15758.78,40.56,2,90,166,Medium
CRD000248,CUST00248,646,Fair,2026-11-13,1,2,25784.11,2449.58,32.61,0,0,11,Medium
CRD000249,CUST00249,750,Excellent,2025-05-24,0,0,0.0,15109.32,33.65,1,90,152,Low
CRD000250,CUST00250,699,Good,2024-03-26,0,0,0.0,1545.15,24.1,0,0,157,Low
CRD000251,CUST00251,730,Good,2024-02-07,0,2,37132.5,138.67,2.42,0,0,105,Low
CRD000252,CUST00252,731,Good,2025-01-18,0,2,45645.55,11497.96,32.99,0,0,84,Low
CRD000253,CUST00253,737,Good,2026-05-03,0,0,0.0,14723.4,41.28,1,30,117,Low
CRD000254,CUST00254,718,Good,2024-01-16,0,0,0.0,332.67,9.29,1,30,69,Low
CRD000255,CUST00255,695,Good,2024-01-27,0,3,14698.6,1269.38,5.55,3,90,142,Low
CRD000256,CUST00256,603,Fair,2024-11-10,1,1,29278.46,41.14,1.13,0,0,168,Medium
CRD000257,CUST00257,643,Fair,2025-11-14,2,2,103475.83,485.48,11.77,0,0,14,Medium
CRD000258,CUST00258,791,Excellent,2024-08-25,1,2,64088.1,7377.65,29.97,0,0,61,Low
CRD000259,CUST00259,733,Good,2025-11-13,2,0,22954.16,6898.72,32.31,0,0,62,Low
CRD000260,CUST00260,816,Excellent,2024-08-06,1,3,109383.98,3000.59,6.72,0,0,76,Low
CRD000261,CUST00261,700,Good,2025-07-09,2,0,103758.83,13238.12,32.09,2,15,81,Low
CRD000262,CUST00262,759,Excellent,2026-04-12,1,0,12736.52,4031.63,35.69,0,0,6,Low
CRD000263,CUST00263,743,Good,2025-11-12,2,1,94774.92,7187.73,43.18,0,0,86,Low
CRD000264,CUST00264,670,Good,2025-12-22,1,0,70181.26,8624.8,42.16,1,90,98,Low
CRD000265,CUST00265,808,Excellent,2024-07-28,1,0,69592.7,2812.97,22.97,0,0,65,Low
CRD000266,CUST00266,559,Fair,2026-12-14,0,0,0.0,211.8,15.99,0,0,33,Medium
CRD000267,CUST00267,800,Excellent,2024-05-02,2,1,48947.73,3253.44,11.05,0,0,91,Low
CRD000268,CUST00268,769,Excellent,2026-06-01,0,1,2853.58,9875.18,23.0,1,30,94,Low
CRD000269,CUST00269,611,Fair,2026-07-23,2,0,80945.79,4759.45,28.0,2,60,84,Medium
CRD000270,CUST00270,529,Poor,2026-02-17,0,0,0.0,229.21,14.81,2,15,129,High
CRD000271,CUST00271,686,Good,2025-02-07,1,2,57458.79,1757.15,5.58,1,120,75,Low
CRD000272,CUST00272,680,Good,2026-07-05,1,1,60962.25,5932.17,37.07,0,0,141,Low
CRD000273,CUST00273,778,Excellent,2024-08-01,2,0,76734.21,15409.69,50.5,0,0,113,Low
CRD000274,CUST00274,640,Fair,2024-09-12,0,1,21366.25,17.04,1.0,0,0,104,Medium
CRD000275,CUST00275,450,Poor,2025-06-17,0,0,0.0,328.59,14.09,3,120,86,High
CRD000276,CUST00276,735,Good,2026-11-18,2,1,60374.12,8044.73,44.61,0,0,39,Low
CRD000277,CUST00277,560,Fair,2026-07-13,0,0,0.0,3.73,0.81,0,0,177,Medium
CRD000278,CUST00278,592,Fair,2025-05-17,1,0,68708.56,16289.2,45.45,3,60,60,Medium
CRD000279,CUST00279,745,Good,2026-06-10,1,0,62329.88,787.24,5.79,1,15,76,Low
CRD000280,CUST00280,727,Good,2026-11-26,3,1,120054.23,11259.4,31.13,0,0,114,Low
CRD000281,CUST00281,769,Excellent,2024-01-12,0,0,0.0,9149.25,21.23,0,0,9,Low
CRD000282,CUST00282,674,Good,2025-09-30,0,0,0.0,3705.0,40.6,0,0,32,Low
CRD000283,CUST00283,849,Excellent,2026-09-23,1,1,43913.15,2651.16,6.76,0,0,54,Low
CRD000284,CUST00284,754,Excellent,2026-11-25,2,1,104499.55,18996.7,44.71,0,0,25,Low
CRD000285,CUST00285,712,Good,2026-12-20,2,1,40468.32,21129.86,39.72,0,0,85,Low
CRD000286,CUST00286,401,Very Poor,2026-07-22,0,0,0.0,311.01,11.63,2,120,14,High
CRD000287,CUST00287,618,Fair,2024-01-06,2,0,57653.93,6981.03,22.47,2,15,102,Medium
CRD000288,CUST00288,616,Fair,2026-09-08,0,1,3007.46,987.08,17.84,0,0,137,Medium
CRD000289,CUST00289,759,Excellent,2026-07-24,0,1,18147.93,8156.01,22.16,0,0,41,Low
CRD000290,CUST00290,696,Good,2025-03-01,0,2,17550.87,3907.53,24.56,0,0,73,Low
CRD000291,CUST00291,591,Fair,2025-11-01,2,0,16730.23,3234.75,23.81,3,60,59,Medium
CRD000292,CUST00292,736,Good,2025-03-04,1,2,35101.81,3456.22,10.45,0,0,94,Low
CRD000293,CUST00293,844,Excellent,2026-06-08,1,2,46256.72,10061.14,36.42,0,0,94,Low
CRD000294,CUST00294,775,Excellent,2026-07-27,1,2,86334.07,14012.53,42.92,0,0,165,Low
CRD000295,CUST00295,740,Good,2025-08-18,1,0,50830.76,5629.73,15.64,0,0,105,Low
CRD000296,CUST00296,645,Fair,2024-11-16,1,0,19008.01,8470.43,23.35,2,60,18,Medium
CRD000297,CUST00297,717,Good,2025-01-10,0,0,0.0,10628.22,37.75,3,120,174,Low
CRD000298,CUST00298,692,Good,2025-10-15,0,2,31568.7,7448.16,33.78,0,0,143,Low
CRD000299,CUST00299,846,Excellent,2025-10-21,1,0,9465.75,2098.14,5.34,0,0,130,Low
CRD000300,CUST00300,745,Good,2026-11-16,0,1,3451.22,16916.47,40.22,0,0,137,Low
CRD000301,CUST00301,499,Poor,2025-12-11,0,1,11275.79,98.44,7.28,3,90,114,High
CRD000302,CUST00302,816,Excellent,2026-11-22,1,0,13933.42,7402.97,25.05,0,0,63,Low
CRD000303,CUST00303,576,Fair,2026-11-13,1,1,26089.19,59.7,4.25,0,0,79,Medium
CRD000304,CUST00304,544,Poor,2026-11-03,0,2,39639.73,845.03,11.81,2,60,150,High
CRD000305,CUST00305,807,Excellent,2024-11-04,1,2,101913.42,10726.64,29.43,1,30,98,Low
CRD000306,CUST00306,593,Fair,2024-05-11,0,2,35083.94,709.66,13.09,2,60,50,Medium
CRD000307,CUST00307,740,Good,2026-06-04,1,0,31584.34,2850.23,26.76,0,0,11,Low
CRD000308,CUST00308,796,Excellent,2024-07-27,1,1,98102.66,10086.97,37.04,1,60,126,Low
CRD000309,CUST00309,791,Excellent,2024-03-20,0,0,0.0,5882.05,18.73,0,0,25,Low
CRD000310,CUST00310,654,Good,2025-01-01,0,0,0.0,1764.35,9.17,2,60,33,Low
CRD000311,CUST00311,608,Fair,2025-06-20,1,0,18372.09,1600.9,13.44,2,60,31,Medium
CRD000312,CUST00312,583,Fair,2025-08-27,1,1,58851.52,7059.26,31.27,3,30,35,Medium
CRD000313,CUST00313,767,Excellent,2026-03-15,0,1,3991.27,16315.81,37.32,0,0,164,Low
CRD000314,CUST00314,825,Excellent,2024-09-12,0,1,20910.56,11528.62,31.13,0,0,26,Low
CRD000315,CUST00315,613,Fair,2026-03-16,0,0,0.0,359.7,13.65,0,0,50,Medium
CRD000316,CUST00316,598,Fair,2025-01-20,0,1,5614.1,535.51,12.0,0,0,105,Medium
CRD000317,CUST00317,722,Good,2024-07-24,0,1,5806.08,33903.22,48.73,0,0,146,Low
CRD000318,CUST00318,540,Poor,2024-11-27,0,3,55529.76,238.33,9.41,0,0,117,High
CRD000319,CUST00319,811,Excellent,2025-04-21,2,0,49785.55,2833.09,26.01,0,0,155,Low
CRD000320,CUST00320,509,Poor,2026-09-13,1,1,50371.59,2996.54,34.08,1,60,9,High
CRD000321,CUST00321,843,Excellent,2024-08-09,3,1,148623.45,15717.82,35.36,0,0,140,Low
CRD000322,CUST00322,730,Good,2026-03-07,2,1,74935.66,10395.22,23.17,5,90,75,Low
CRD000323,CUST00323,580,Fair,2026-01-11,0,1,4408.48,3798.3,40.96,0,0,29,Medium
CRD000324,CUST00324,786,Excellent,2025-03-07,0,1,23128.39,8949.67,28.77,0,0,121,Low
CRD000325,CUST00325,635,Fair,2026-04-02,2,0,80657.19,2003.33,36.68,0,0,160,Medium
CRD000326,CUST00326,660,Good,2024-05-22,0,2,41045.94,15217.28,34.27,4,60,60,Low
CRD000327,CUST00327,672,Good,2025-09-16,0,1,21717.57,1232.31,7.15,0,0,27,Low
CRD000328,CUST00328,807,Excellent,2025-02-15,0,1,9727.89,6867.09,40.76,0,0,80,Low
CRD000329,CUST00329,720,Good,2024-10-21,0,0,0.0,6520.81,16.2,0,0,20,Low
CRD000330,CUST00330,818,Excellent,2026-02-23,0,2,29754.35,16912.41,39.2,0,0,90,Low
CRD000331,CUST00331,785,Excellent,2025-07-20,2,0,45819.09,2070.84,5.16,1,15,73,Low
CRD000332,CUST00332,646,Fair,2024-04-02,0,0,0.0,9.67,0.48,0,0,116,Medium
CRD000333,CUST00333,758,Excellent,2025-07-12,0,1,14237.35,7676.97,33.1,0,0,180,Low
CRD000334,CUST00334,669,Good,2025-08-20,1,2,63146.76,7878.6,18.73,1,60,32,Low
CRD000335,CUST00335,550,Fair,2026-09-08,1,0,10543.53,1186.74,17.82,0,0,74,Medium
CRD000336,CUST00336,711,Good,2024-05-27,3,1,225669.87,773.14,9.23,0,0,71,Low
CRD000337,CUST00337,496,Poor,2024-12-31,0,0,0.0,97.08,4.34,0,0,153,High
CRD000338,CUST00338,773,Excellent,2024-06-20,2,1,132650.84,9743.32,18.07,0,0,12,Low
CRD000339,CUST00339,816,Excellent,2026-12-17,0,1,14708.75,14570.72,38.22,0,0,108,Low
CRD000340,CUST00340,816,Excellent,2024-02-09,0,2,22760.45,6247.47,43.9,0,0,51,Low
CRD000341,CUST00341,795,Excellent,2026-03-09,0,0,0.0,5826.6,33.19,0,0,104,Low
CRD000342,CUST00342,606,Fair,2026-08-16,1,1,60098.23,4237.53,37.17,3,30,8,Medium
CRD000343,CUST00343,761,Excellent,2024-06-07,0,0,0.0,6504.68,28.98,1,60,165,Low
CRD000344,CUST00344,719,Good,2025-02-21,0,0,0.0,13278.08,36.59,0,0,95,Low
CRD000345,CUST00345,761,Excellent,2026-09-07,0,1,16532.1,7663.69,18.01,0,0,125,Low
CRD000346,CUST00346,638,Fair,2025-10-24,1,0,11049.16,860.38,20.69,0,0,35,Medium
CRD000347,CUST00347,708,Good,2026-05-01,0,2,47651.23,1374.94,10.89,0,0,153,Low
CRD000348,CUST00348,769,Excellent,2025-12-31,2,0,139354.35,5130.29,11.61,0,0,31,Low
CRD000349,CUST00349,573,Fair,2024-11-19,0,0,0.0,460.42,14.36,0,0,83,Medium
CRD000350,CUST00350,686,Good,2024-03-01,0,1,1422.83,3316.09,31.75,0,0,163,Low
CRD000351,CUST00351,712,Good,2025-12-02,2,1,29275.57,1596.81,5.57,1,90,169,Low
CRD000352,CUST00352,666,Good,2024-06-19,0,1,8346.93,13995.42,34.24,2,30,90,Low
CRD000353,CUST00353,777,Excellent,2025-09-24,0,1,22152.46,9310.85,21.53,0,0,61,Low
CRD000354,CUST00354,787,Excellent,2026-04-12,0,1,15696.15,9901.6,37.14,1,30,71,Low
CRD000355,CUST00355,604,Fair,2026-10-13,0,0,0.0,2804.41,21.52,4,15,177,Medium
CRD000356,CUST00356,322,Very Poor,2025-07-29,0,3,13344.0,398.86,16.45,4,15,88,High
CRD000357,CUST00357,660,Good,2024-01-30,3,1,40469.02,4009.23,24.8,0,0,91,Low
CRD000358,CUST00358,727,Good,2025-06-01,0,0,0.0,9274.34,20.84,0,0,35,Low
CRD000359,CUST00359,594,Fair,2024-12-08,0,1,10524.78,1030.29,5.5,2,90,82,Medium
CRD000360,CUST00360,689,Good,2025-02-19,0,2,47436.47,14276.14,30.15,3,60,78,Low
CRD000361,CUST00361,749,Good,2025-09-18,1,2,70592.13,979.01,8.53,0,0,174,Low
CRD000362,CUST00362,749,Good,2025-04-21,0,1,1114.39,2793.57,24.2,0,0,28,Low
CRD000363,CUST00363,702,Good,2024-07-12,1,1,79420.09,3984.02,20.86,0,0,40,Low
CRD000364,CUST00364,665,Good,2024-05-24,2,1,93225.68,2045.09,29.75,0,0,104,Low
CRD000365,CUST00365,717,Good,2026-05-15,1,2,46421.78,2822.02,10.71,2,90,96,Low
CRD000366,CUST00366,559,Fair,2024-02-29,0,0,0.0,4186.89,11.65,4,30,107,Medium
CRD000367,CUST00367,657,Good,2024-05-26,1,3,62653.11,824.61,15.41,0,0,109,Low
CRD000368,CUST00368,684,Good,2024-12-13,0,2,34275.88,9094.47,41.85,1,60,163,Low
CRD000369,CUST00369,748,Good,2025-11-17,2,1,116739.66,12664.18,29.95,0,0,135,Low
CRD000370,CUST00370,711,Good,2024-05-25,0,2,12683.51,19482.57,44.22,0,0,129,Low
CRD000371,CUST00371,670,Good,2026-12-17,0,0,0.0,5054.38,30.35,0,0,65,Low
CRD000372,CUST00372,748,Good,2024-11-11,1,2,95555.33,5844.82,28.17,2,30,157,Low
CRD000373,CUST00373,709,Good,2025-03-31,0,2,37326.81,8276.2,27.62,0,0,44,Low
CRD000374,CUST00374,507,Poor,2026-10-15,1,0,53911.8,375.03,18.26,0,0,166,High
CRD000375,CUST00375,689,Good,2026-06-15,0,1,11536.11,9364.76,41.87,3,90,105,Low
CRD000376,CUST00376,782,Excellent,2026-04-15,0,1,5376.24,19304.07,42.74,2,120,104,Low
CRD000377,CUST00377,734,Good,2024-02-18,1,2,55432.63,2352.47,20.91,0,0,56,Low
CRD000378,CUST00378,653,Good,2025-09-03,0,0,0.0,3583.6,44.21,0,0,148,Low
CRD000379,CUST00379,571,Fair,2024-06-11,1,1,20041.94,299.21,10.04,1,120,137,Medium
CRD000380,CUST00380,716,Good,2025-08-16,0,0,0.0,5566.51,15.87,0,0,36,Low
CRD000381,CUST00381,721,Good,2026-04-20,0,3,48574.11,10492.44,25.81,0,0,157,Low
CRD000382,CUST00382,703,Good,2025-11-26,1,3,132126.69,12870.59,39.0,3,60,152,Low
CRD000383,CUST00383,405,Very Poor,2024-01-13,0,2,41637.52,111.65,16.33,2,120,48,High
CRD000384,CUST00384,558,Fair,2026-02-12,3,1,178734.72,693.17,7.72,1,90,28,Medium
CRD000385,CUST00385,622,Fair,2026-05-26,1,0,9075.19,16699.35,43.79,4,60,35,Medium
CRD000386,CUST00386,609,Fair,2025-08-25,0,1,18667.49,557.25,13.6,0,0,129,Medium
CRD000387,CUST00387,669,Good,2025-07-02,0,0,0.0,3724.67,19.55,0,0,159,Low
CRD000388,CUST00388,707,Good,2025-04-24,0,2,27266.56,12089.2,28.75,1,15,116,Low
CRD000389,CUST00389,730,Good,2026-04-20,3,0,74403.02,4529.36,41.61,0,0,117,Low
CRD000390,CUST00390,678,Good,2024-04-30,0,0,0.0,2222.46,40.9,0,0,31,Low
CRD000391,CUST00391,415,Very Poor,2024-07-20,0,0,0.0,230.19,15.47,2,60,36,High
CRD000392,CUST00392,791,Excellent,2024-09-26,2,2,33136.55,5351.93,31.25,0,0,17,Low
CRD000393,CUST00393,717,Good,2026-11-10,0,0,0.0,14821.45,42.56,1,120,47,Low
CRD000394,CUST00394,703,Good,2026-05-28,2,1,146513.65,19727.9,48.87,0,0,92,Low
CRD000395,CUST00395,544,Poor,2025-01-03,0,1,11871.75,253.81,7.45,2,90,149,High
CRD000396,CUST00396,768,Excellent,2024-07-02,1,0,37797.38,3699.78,23.61,0,0,123,Low
CRD000397,CUST00397,839,Excellent,2024-04-03,0,3,38902.6,4336.62,10.63,0,0,119,Low
CRD000398,CUST00398,459,Poor,2024-03-03,1,2,79927.98,37.99,1.4,4,15,166,High
CRD000399,CUST00399,622,Fair,2025-09-29,2,0,108602.63,7286.12,16.32,5,120,50,Medium
CRD000400,CUST00400,665,Good,2026-12-26,1,0,58217.17,9772.56,32.25,2,120,124,Low
CRD000401,CUST00401,850,Excellent,2024-02-13,0,1,23369.22,10555.76,26.86,0,0,10,Low
CRD000402,CUST00402,723,Good,2024-05-05,0,1,7642.2,3726.07,10.9,0,0,7,Low
CRD000403,CUST00403,616,Fair,2026-03-07,0,0,0.0,95.68,1.77,0,0,119,Medium
CRD000404,CUST00404,749,Good,2025-07-02,0,2,36720.02,2562.32,11.7,0,0,148,Low
CRD000405,CUST00405,805,Excellent,2026-12-05,0,2,48746.11,3032.78,9.52,0,0,159,Low
CRD000406,CUST00406,825,Excellent,2026-03-08,1,2,93545.88,5096.82,12.18,0,0,142,Low
CRD000407,CUST00407,796,Excellent,2026-06-19,0,0,0.0,4248.85,36.19,0,0,100,Low
CRD000408,CUST00408,528,Poor,2025-02-05,0,1,6338.54,757.22,13.35,2,120,110,High
CRD000409,CUST00409,520,Poor,2025-08-26,0,3,3547.84,325.34,13.47,4,60,155,High
CRD000410,CUST00410,678,Good,2024-04-24,0,0,0.0,2262.41,18.71,0,0,118,Low
CRD000411,CUST00411,799,Excellent,2026-01-13,2,0,71302.45,9851.73,26.91,0,0,145,Low
CRD000412,CUST00412,792,Excellent,2025-09-16,0,0,0.0,5554.99,23.08,0,0,19,Low
CRD000413,CUST00413,823,Excellent,2025-10-12,1,0,67733.37,10701.77,31.4,0,0,112,Low
CRD000414,CUST00414,671,Good,2026-05-09,2,1,35398.57,7028.6,24.75,4,90,105,Low
CRD000415,CUST00415,567,Fair,2024-03-20,1,3,135176.6,256.58,18.06,0,0,41,Medium
CRD000416,CUST00416,776,Excellent,2025-01-27,1,0,28631.81,6245.18,27.59,0,0,151,Low
CRD000417,CUST00417,794,Excellent,2026-01-10,1,2,105721.34,11313.99,35.06,0,0,52,Low
CRD000418,CUST00418,736,Good,2025-01-19,0,0,0.0,944.39,7.92,0,0,66,Low
CRD000419,CUST00419,560,Fair,2024-05-14,1,1,25202.85,425.44,7.57,2,120,112,Medium
CRD000420,CUST00420,829,Excellent,2025-06-01,1,1,62418.28,9570.14,31.73,0,0,8,Low
CRD000421,CUST00421,702,Good,2025-03-20,0,1,12903.63,7935.16,43.09,0,0,101,Low
CRD000422,CUST00422,537,Poor,2025-03-20,1,0,54837.68,2331.48,30.39,2,120,145,High
CRD000423,CUST00423,552,Fair,2025-09-25,0,0,0.0,3029.58,41.56,0,0,94,Medium
CRD000424,CUST00424,825,Excellent,2025-12-21,0,0,0.0,8226.77,23.59,1,15,43,Low
CRD000425,CUST00425,665,Good,2024-04-25,1,2,78158.17,612.95,8.86,0,0,162,Low
CRD000426,CUST00426,652,Good,2024-08-16,1,1,29616.09,4348.2,42.28,1,120,23,Low
CRD000427,CUST00427,788,Excellent,2026-04-16,0,2,27957.58,6455.05,15.06,1,90,40,Low
CRD000428,CUST00428,501,Poor,2026-07-21,0,1,11681.82,434.9,15.14,3,90,23,High
CRD000429,CUST00429,767,Excellent,2025-01-03,0,2,16359.28,9539.43,41.7,0,0,178,Low
CRD000430,CUST00430,767,Excellent,2024-06-29,2,1,110643.72,7291.74,23.97,1,120,145,Low
CRD000431,CUST00431,767,Excellent,2024-03-13,0,2,38107.69,13242.17,40.06,0,0,126,Low
CRD000432,CUST00432,792,Excellent,2024-11-29,1,1,72223.95,1846.11,6.2,0,0,116,Low
CRD000433,CUST00433,717,Good,2026-12-27,0,1,18900.78,6478.44,29.07,0,0,143,Low
CRD000434,CUST00434,798,Excellent,2025-02-15,1,2,56682.59,3831.46,10.41,0,0,34,Low
CRD000435,CUST00435,834,Excellent,2024-07-26,2,2,65329.13,8153.51,29.11,0,0,11,Low
CRD000436,CUST00436,761,Excellent,2024-06-02,1,2,77258.55,3988.64,14.96,0,0,50,Low
CRD000437,CUST00437,529,Poor,2026-06-20,0,1,18463.81,697.95,26.85,0,0,97,High
CRD000438,CUST00438,742,Good,2024-01-24,1,1,23044.61,46.96,1.13,0,0,175,Low
CRD000439,CUST00439,711,Good,2024-12-31,0,1,20283.61,8577.3,40.1,0,0,69,Low
CRD000440,CUST00440,582,Fair,2024-07-27,2,1,66859.6,4279.22,21.05,4,120,113,Medium
CRD000441,CUST00441,824,Excellent,2024-06-04,1,0,68183.13,7963.11,19.77,0,0,6,Low
CRD000442,CUST00442,651,Good,2026-03-23,1,2,89343.98,1840.56,34.61,2,120,77,Low
CRD000443,CUST00443,664,Good,2025-12-20,0,1,19056.5,232.53,4.07,0,0,61,Low
CRD000444,CUST00444,628,Fair,2024-10-18,0,1,2362.06,95.32,1.68,1,120,14,Medium
CRD000445,CUST00445,784,Excellent,2024-02-19,1,2,91660.61,5494.87,30.66,0,0,11,Low
CRD000446,CUST00446,685,Good,2025-05-02,0,0,0.0,13338.75,35.73,1,90,180,Low
CRD000447,CUST00447,536,Poor,2024-12-01,1,2,62603.79,10918.86,44.15,4,30,11,High
CRD000448,CUST00448,729,Good,2025-10-18,1,2,73388.99,5760.98,16.53,0,0,11,Low
CRD000449,CUST00449,749,Good,2026-07-23,1,1,72478.22,7174.23,17.93,0,0,13,Low
CRD000450,CUST00450,747,Good,2025-04-10,0,1,15588.12,4304.33,14.59,0,0,42,Low
CRD000451,CUST00451,815,Excellent,2026-03-05,2,1,99795.7,9052.0,39.27,0,0,102,Low
CRD000452,CUST00452,839,Excellent,2026-11-06,0,3,23370.13,3240.6,11.86,0,0,113,Low
CRD000453,CUST00453,755,Excellent,2025-11-24,0,1,7858.61,2554.18,21.18,1,60,141,Low
CRD000454,CUST00454,812,Excellent,2024-10-08,1,1,74263.54,5680.27,13.22,0,0,76,Low
CRD000455,CUST00455,814,Excellent,2026-01-13,0,1,15806.14,12933.39,34.46,0,0,149,Low
CRD000456,CUST00456,573,Fair,2024-06-26,0,1,5987.2,3605.86,41.53,0,0,33,Medium
CRD000457,CUST00457,840,Excellent,2026-09-06,0,0,0.0,2599.3,6.48,0,0,149,Low
CRD000458,CUST00458,820,Excellent,2024-02-07,0,1,11698.55,1947.64,9.1,0,0,25,Low
CRD000459,CUST00459,499,Poor,2026-09-23,0,2,41381.67,71.95,2.78,0,0,133,High
CRD000460,CUST00460,511,Poor,2025-08-02,2,1,94298.72,66.65,27.29,4,90,118,High
CRD000461,CUST00461,574,Fair,2026-04-06,1,0,62436.18,9732.09,51.78,4,120,81,Medium
CRD000462,CUST00462,694,Good,2025-10-13,0,0,0.0,5716.17,27.17,0,0,109,Low
CRD000463,CUST00463,647,Fair,2026-12-03,0,0,0.0,325.93,14.04,0,0,65,Medium
CRD000464,CUST00464,546,Poor,2026-11-08,1,1,27252.39,2854.26,29.18,1,90,175,High
CRD000465,CUST00465,809,Excellent,2026-10-09,2,0,127336.62,3353.29,7.7,0,0,32,Low
CRD000466,CUST00466,617,Fair,2024-12-03,0,0,0.0,5337.79,13.91,2,60,100,Medium
CRD000467,CUST00467,697,Good,2024-11-11,1,0,32009.02,1663.56,11.79,0,0,91,Low
CRD000468,CUST00468,755,Excellent,2025-05-03,0,2,46140.07,12104.86,31.39,1,15,103,Low
CRD000469,CUST00469,685,Good,2024-06-14,0,2,5962.01,783.76,6.15,0,0,173,Low
CRD000470,CUST00470,778,Excellent,2025-06-04,0,0,0.0,5280.41,22.38,0,0,142,Low
CRD000471,CUST00471,693,Good,2025-03-19,1,0,36265.42,5330.23,15.9,4,60,171,Low
CRD000472,CUST00472,588,Fair,2025-05-08,2,0,27835.18,1535.65,18.64,0,0,22,Medium
CRD000473,CUST00473,806,Excellent,2024-01-21,1,0,41227.14,23939.19,44.54,0,0,137,Low
CRD000474,CUST00474,834,Excellent,2025-10-08,0,2,29726.19,5666.71,19.29,0,0,122,Low
CRD000475,CUST00475,830,Excellent,2024-10-21,0,1,5549.41,3494.55,8.48,0,0,19,Low
CRD000476,CUST00476,620,Fair,2024-05-05,1,1,43341.86,2616.98,16.43,3,120,13,Medium
CRD000477,CUST00477,647,Fair,2024-10-28,1,1,21202.33,1242.62,25.07,0,0,112,Medium
CRD000478,CUST00478,558,Fair,2026-10-20,3,1,141291.5,221.24,12.16,0,0,147,Medium
CRD000479,CUST00479,555,Fair,2025-07-27,1,1,78939.43,1906.66,18.23,5,30,141,Medium
CRD000480,CUST00480,714,Good,2026-11-22,1,0,26400.07,23537.04,44.8,1,120,17,Low
CRD000481,CUST00481,699,Good,2026-11-05,0,0,0.0,7418.54,18.21,1,15,41,Low
CRD000482,CUST00482,790,Excellent,2025-11-10,0,0,0.0,16567.89,38.83,0,0,105,Low
CRD000483,CUST00483,567,Fair,2024-06-07,0,2,23697.09,12825.68,41.31,5,90,101,Medium
CRD000484,CUST00484,687,Good,2026-11-09,0,3,37258.34,6727.22,24.85,1,60,124,Low
CRD000485,CUST00485,773,Excellent,2025-03-24,0,0,0.0,8838.14,31.59,0,0,168,Low
CRD000486,CUST00486,524,Poor,2025-05-12,3,0,221719.88,1546.44,27.81,1,60,71,High
CRD000487,CUST00487,629,Fair,2026-05-15,0,1,13913.48,1286.44,13.86,1,15,164,Medium
CRD000488,CUST00488,682,Good,2024-06-12,2,1,38307.12,3297.03,18.35,1,15,40,Low
CRD000489,CUST00489,688,Good,2025-02-25,2,1,101408.61,1558.08,7.38,0,0,49,Low
CRD000490,CUST00490,555,Fair,2026-04-24,0,0,0.0,1283.37,26.09,0,0,11,Medium
CRD000491,CUST00491,663,Good,2025-06-03,0,1,24342.0,9997.03,41.08,3,30,82,Low
CRD000492,CUST00492,574,Fair,2024-07-30,1,3,74190.83,555.86,20.75,2,90,23,Medium
CRD000493,CUST00493,547,Poor,2024-08-27,1,1,47699.37,3664.48,44.7,2,90,59,High
CRD000494,CUST00494,710,Good,2025-07-26,0,0,0.0,6170.21,16.25,0,0,65,Low
CRD000495,CUST00495,759,Excellent,2025-01-28,0,1,20207.59,4942.48,30.22,0,0,9,Low
CRD000496,CUST00496,538,Poor,2025-12-17,0,1,17350.27,135.32,9.42,0,0,127,High
CRD000497,CUST00497,488,Poor,2025-04-26,1,1,37643.04,1460.24,24.42,2,15,50,High
CRD000498,CUST00498,540,Poor,2026-04-28,2,1,129582.55,656.74,23.49,2,30,117,High
CRD000499,CUST00499,778,Excellent,2024-01-06,0,1,14891.45,6608.79,16.95,0,0,164,Low
CRD000500,CUST00500,696,Good,2025-05-05,0,2,41232.78,835.28,13.08,1,30,175,Low
CRD000501,CUST00501,788,Excellent,2026-11-07,1,2,61757.27,14265.24,27.18,0,0,36,Low
CRD000502,CUST00502,770,Excellent,2026-01-05,2,0,132082.21,2146.47,12.69,0,0,20,Low
CRD000503,CUST00503,760,Excellent,2026-12-19,0,1,9624.64,7937.6,25.8,0,0,18,Low
CRD000504,CUST00504,846,Excellent,2024-07-07,0,0,0.0,8068.66,22.29,0,0,9,Low
CRD000505,CUST00505,773,Excellent,2024-07-23,0,2,45052.53,14215.29,42.28,0,0,163,Low
CRD000506,CUST00506,653,Good,2026-12-23,1,2,39107.84,5075.08,11.29,3,90,137,Low
CRD000507,CUST00507,680,Good,2026-05-19,0,1,12156.27,463.95,8.4,1,30,37,Low
CRD000508,CUST00508,705,Good,2025-02-12,0,1,9166.5,10263.85,23.14,0,0,106,Low
CRD000509,CUST00509,687,Good,2024-06-29,1,0,53356.39,5245.41,18.8,1,30,76,Low
CRD000510,CUST00510,687,Good,2026-02-20,1,0,58659.66,2457.59,23.48,4,90,82,Low
CRD000511,CUST00511,787,Excellent,2024-09-02,0,1,18079.68,7884.63,40.76,0,0,111,Low
CRD000512,CUST00512,771,Excellent,2025-03-09,0,0,0.0,8248.1,20.36,0,0,34,Low
CRD000513,CUST00513,813,Excellent,2026-11-05,0,1,19190.23,19252.23,41.52,0,0,67,Low
CRD000514,CUST00514,745,Good,2025-04-02,0,2,34885.43,4125.24,10.78,0,0,63,Low
CRD000515,CUST00515,673,Good,2025-07-04,2,1,54695.58,1300.75,17.64,0,0,66,Low
CRD000516,CUST00516,634,Fair,2026-06-14,0,1,12083.67,1035.55,17.58,0,0,113,Medium
CRD000517,CUST00517,720,Good,2026-12-20,0,0,0.0,6594.84,21.5,0,0,37,Low
CRD000518,CUST00518,647,Fair,2025-09-09,0,1,6165.92,495.81,10.04,0,0,58,Medium
CRD000519,CUST00519,758,Excellent,2024-06-25,0,0,0.0,4809.36,20.03,1,90,63,Low
CRD000520,CUST00520,507,Poor,2026-10-17,1,1,9801.64,584.41,12.32,4,90,100,High
CRD000521,CUST00521,786,Excellent,2024-10-05,2,0,81255.3,17065.3,50.67,0,0,147,Low
CRD000522,CUST00522,749,Good,2025-10-16,1,0,22928.45,26379.49,41.1,0,0,169,Low
CRD000523,CUST00523,654,Good,2025-09-02,1,0,40458.74,1539.14,6.72,0,0,179,Low
CRD000524,CUST00524,677,Good,2026-07-17,0,0,0.0,2116.76,10.1,0,0,88,Low
CRD000525,CUST00525,561,Fair,2024-03-18,2,3,108494.33,1429.73,18.81,0,0,130,Medium
CRD000526,CUST00526,717,Good,2026-09-23,0,0,0.0,10858.33,32.49,0,0,150,Low
CRD000527,CUST00527,721,Good,2026-09-11,0,1,22081.79,3259.47,7.81,0,0,48,Low
CRD000528,CUST00528,769,Excellent,2024-02-15,2,1,127495.53,1910.56,8.24,0,0,117,Low
CRD000529,CUST00529,776,Excellent,2024-07-24,1,1,57376.82,11417.06,42.37,0,0,109,Low
CRD000530,CUST00530,597,Fair,2026-10-26,0,1,17947.45,1396.73,9.78,2,90,86,Medium
CRD000531,CUST00531,810,Excellent,2026-02-11,1,0,45961.26,17484.0,44.37,0,0,56,Low
CRD000532,CUST00532,700,Good,2024-07-12,1,3,62746.7,4301.99,29.28,0,0,110,Low
CRD000533,CUST00533,659,Good,2025-07-16,1,0,32628.53,2534.1,27.32,1,60,87,Low
CRD000534,CUST00534,674,Good,2024-11-09,1,0,34123.36,14751.17,23.69,3,120,152,Low
CRD000535,CUST00535,750,Excellent,2026-07-31,1,0,18870.51,7676.06,21.99,1,120,21,Low
CRD000536,CUST00536,744,Good,2026-11-04,0,0,0.0,7299.46,40.0,0,0,16,Low
CRD000537,CUST00537,582,Fair,2025-01-16,0,1,23111.25,68.52,12.66,0,0,161,Medium
CRD000538,CUST00538,637,Fair,2024-04-06,2,2,146655.84,1740.62,41.67,1,30,79,Medium
CRD000539,CUST00539,777,Excellent,2024-07-01,1,0,70782.12,6130.58,43.89,0,0,148,Low
CRD000540,CUST00540,776,Excellent,2024-03-30,2,1,107026.69,11994.8,31.69,1,30,78,Low
CRD000541,CUST00541,694,Good,2024-08-04,2,1,88399.12,2498.54,12.54,0,0,72,Low
CRD000542,CUST00542,749,Good,2024-07-03,0,1,20017.62,3711.65,29.81,1,15,9,Low
CRD000543,CUST00543,758,Excellent,2025-06-06,1,1,38481.35,13645.3,38.52,0,0,10,Low
CRD000544,CUST00544,652,Good,2024-08-11,1,0,60105.5,4527.58,35.1,0,0,47,Low
CRD000545,CUST00545,753,Excellent,2025-06-29,2,2,115602.52,2571.11,10.09,1,90,43,Low
CRD000546,CUST00546,773,Excellent,2026-05-23,1,3,35997.25,19835.79,35.06,0,0,85,Low
CRD000547,CUST00547,793,Excellent,2026-03-24,0,1,20885.44,1854.63,18.18,0,0,58,Low
CRD000548,CUST00548,700,Good,2025-08-19,0,2,32217.6,9151.42,43.71,1,120,32,Low
CRD000549,CUST00549,681,Good,2025-04-04,0,0,0.0,85.45,1.88,0,0,136,Low
CRD000550,CUST00550,511,Poor,2026-02-14,1,1,49141.82,55.22,1.57,4,120,168,High
CRD000551,CUST00551,767,Excellent,2024-11-19,0,1,3836.32,5942.29,20.69,3,120,151,Low
CRD000552,CUST00552,735,Good,2026-07-22,0,2,22367.78,6104.41,13.31,2,90,96,Low
CRD000553,CUST00553,596,Fair,2026-08-08,0,2,33853.19,2664.41,12.7,3,60,159,Medium
CRD000554,CUST00554,575,Fair,2025-10-13,1,2,51618.49,295.32,20.04,0,0,124,Medium
CRD000555,CUST00555,675,Good,2025-05-04,0,0,0.0,13492.41,30.32,1,30,63,Low
CRD000556,CUST00556,771,Excellent,2026-10-21,1,2,78154.94,3459.05,10.05,0,0,149,Low
CRD000557,CUST00557,735,Good,2026-04-04,0,0,0.0,8050.15,18.69,2,60,72,Low
CRD000558,CUST00558,656,Good,2024-05-16,0,0,0.0,16646.59,28.13,1,30,40,Low
CRD000559,CUST00559,613,Fair,2026-11-06,0,2,30021.81,2542.74,38.97,0,0,166,Medium
CRD000560,CUST00560,759,Excellent,2026-10-20,3,2,243154.51,15835.18,43.25,3,60,91,Low
CRD000561,CUST00561,725,Good,2024-05-20,0,1,20540.93,7011.12,28.48,1,15,118,Low
CRD000562,CUST00562,763,Excellent,2025-09-19,0,0,0.0,4470.41,21.33,2,60,63,Low
CRD000563,CUST00563,687,Good,2026-03-24,1,0,64504.18,1958.88,9.34,1,120,79,Low
CRD000564,CUST00564,774,Excellent,2026-02-11,0,2,27364.69,4791.63,27.48,0,0,86,Low
CRD000565,CUST00565,761,Excellent,2025-05-28,0,2,4256.73,14204.51,39.54,0,0,163,Low
CRD000566,CUST00566,726,Good,2025-06-28,1,2,107336.02,2271.09,5.66,0,0,51,Low
CRD000567,CUST00567,702,Good,2024-10-19,0,1,22369.79,22650.78,36.22,0,0,69,Low
CRD000568,CUST00568,675,Good,2026-08-10,0,0,0.0,8169.27,42.84,0,0,136,Low
CRD000569,CUST00569,730,Good,2024-04-02,0,0,0.0,12877.02,41.95,0,0,46,Low
CRD000570,CUST00570,699,Good,2025-05-11,2,1,105102.88,4307.23,27.48,2,30,26,Low
CRD000571,CUST00571,486,Poor,2024-07-03,1,0,7446.28,1399.97,10.43,5,90,33,High
CRD000572,CUST00572,671,Good,2026-04-14,2,1,131814.51,587.59,11.32,0,0,77,Low
CRD000573,CUST00573,788,Excellent,2026-01-15,0,3,64875.25,13651.89,31.45,0,0,93,Low
CRD000574,CUST00574,600,Fair,2026-04-11,3,0,145136.81,257.83,19.41,0,0,111,Medium
CRD000575,CUST00575,749,Good,2025-11-12,0,0,0.0,1801.15,5.04,0,0,108,Low
CRD000576,CUST00576,704,Good,2024-01-03,0,0,0.0,6831.13,24.62,0,0,172,Low
CRD000577,CUST00577,606,Fair,2026-06-10,0,0,0.0,6965.73,17.71,5,90,172,Medium
CRD000578,CUST00578,807,Excellent,2025-06-26,1,1,54982.69,1174.39,5.23,0,0,59,Low
CRD000579,CUST00579,566,Fair,2024-05-12,0,3,70428.25,323.19,5.41,0,0,76,Medium
CRD000580,CUST00580,780,Excellent,2026-12-02,1,1,28171.31,11604.33,43.72,0,0,25,Low
CRD000581,CUST00581,620,Fair,2026-01-15,2,1,101326.9,3371.77,37.03,0,0,109,Medium
CRD000582,CUST00582,699,Good,2024-12-20,0,1,8181.47,13037.94,32.46,1,120,32,Low
CRD000583,CUST00583,765,Excellent,2024-07-19,0,2,14733.5,9624.53,38.28,1,90,12,Low
CRD000584,CUST00584,717,Good,2024-11-06,0,0,0.0,7372.83,31.86,2,30,67,Low
CRD000585,CUST00585,618,Fair,2026-05-27,0,0,0.0,432.21,15.57,0,0,147,Medium
CRD000586,CUST00586,542,Poor,2024-08-09,0,3,46742.24,201.83,8.82,0,0,81,High
CRD000587,CUST00587,685,Good,2026-12-25,2,0,133732.13,4911.98,22.74,0,0,67,Low
CRD000588,CUST00588,728,Good,2026-10-07,1,0,13115.67,29200.26,53.62,0,0,28,Low
CRD000589,CUST00589,765,Excellent,2026-08-25,1,1,59835.45,3083.78,20.12,0,0,30,Low
CRD000590,CUST00590,662,Good,2026-01-10,0,3,43680.03,5490.8,42.3,1,30,59,Low
CRD000591,CUST00591,702,Good,2024-10-08,0,1,14041.85,6277.24,43.66,0,0,123,Low
CRD000592,CUST00592,733,Good,2025-06-03,1,1,77249.46,665.44,11.64,0,0,13,Low
CRD000593,CUST00593,576,Fair,2024-12-20,1,0,63283.07,2274.08,34.53,0,0,142,Medium
CRD000594,CUST00594,719,Good,2025-02-02,0,1,23017.75,10899.89,32.18,0,0,108,Low
CRD000595,CUST00595,546,Poor,2026-06-18,0,1,7836.2,348.08,29.81,0,0,174,High
CRD000596,CUST00596,709,Good,2025-02-13,0,2,14105.63,3906.4,36.24,0,0,116,Low
CRD000597,CUST00597,480,Poor,2025-08-24,1,1,62033.76,3769.43,46.81,5,60,32,High
CRD000598,CUST00598,557,Fair,2025-07-22,1,3,80235.65,1163.52,9.0,5,120,7,Medium
CRD000599,CUST00599,716,Good,2025-12-05,0,1,7452.47,4582.35,33.23,0,0,6,Low
CRD000600,CUST00600,817,Excellent,2024-12-27,1,1,46657.63,6594.57,18.93,0,0,61,Low
CRD000601,CUST00601,698,Good,2026-02-05,0,2,38230.05,2728.22,37.51,0,0,77,Low
CRD000602,CUST00602,580,Fair,2026-07-09,0,2,33300.42,1813.66,28.72,0,0,160,Medium
CRD000603,CUST00603,573,Fair,2026-07-11,0,0,0.0,615.71,26.24,0,0,88,Medium
CRD000604,CUST00604,558,Fair,2024-02-23,0,2,35884.04,2614.36,25.14,3,30,53,Medium
CRD000605,CUST00605,726,Good,2024-12-03,0,0,0.0,1978.96,10.58,0,0,127,Low
CRD000606,CUST00606,772,Excellent,2025-05-01,2,1,82004.77,8102.07,31.5,0,0,179,Low
CRD000607,CUST00607,651,Good,2026-11-07,0,1,14432.18,6676.31,38.66,0,0,18,Low
CRD000608,CUST00608,694,Good,2024-12-16,1,2,73269.95,2813.16,19.26,0,0,52,Low
CRD000609,CUST00609,659,Good,2025-07-14,0,1,17881.63,2346.55,10.58,0,0,157,Low
CRD000610,CUST00610,736,Good,2026-09-30,1,1,12931.34,16566.7,42.93,0,0,46,Low
CRD000611,CUST00611,798,Excellent,2024-12-12,0,0,0.0,3976.38,29.48,0,0,48,Low
CRD000612,CUST00612,672,Good,2026-11-15,0,1,24419.04,536.57,10.87,0,0,152,Low
CRD000613,CUST00613,784,Excellent,2026-06-02,1,2,98283.63,3376.02,19.73,0,0,49,Low
CRD000614,CUST00614,708,Good,2024-03-06,0,1,12226.82,11970.02,34.41,0,0,170,Low
CRD000615,CUST00615,453,Poor,2025-11-02,0,1,2181.35,335.65,13.02,0,0,103,High
CRD000616,CUST00616,687,Good,2024-11-27,0,2,30105.58,4721.46,41.87,0,0,153,Low
CRD000617,CUST00617,712,Good,2026-05-03,2,0,36150.14,9721.5,28.12,0,0,136,Low
CRD000618,CUST00618,718,Good,2025-07-28,2,1,134808.05,5488.29,18.56,4,60,153,Low
CRD000619,CUST00619,728,Good,2026-10-22,0,3,19899.12,10594.6,26.42,0,0,81,Low
CRD000620,CUST00620,825,Excellent,2024-10-25,1,1,80775.85,2843.16,9.4,0,0,33,Low
CRD000621,CUST00621,747,Good,2026-06-23,0,1,19241.76,7650.48,24.26,1,30,150,Low
CRD000622,CUST00622,689,Good,2025-11-26,1,0,26856.84,2035.95,11.11,3,30,151,Low
CRD000623,CUST00623,691,Good,2026-10-14,1,0,38943.21,3902.28,21.53,3,60,118,Low
CRD000624,CUST00624,713,Good,2025-04-20,1,0,50094.72,19214.55,43.06,0,0,18,Low
CRD000625,CUST00625,793,Excellent,2025-01-02,1,2,56176.46,14508.24,39.68,0,0,126,Low
CRD000626,CUST00626,751,Excellent,2026-06-07,1,0,27437.37,24861.29,40.83,0,0,145,Low
CRD000627,CUST00627,807,Excellent,2026-02-07,3,1,169016.08,2578.15,7.58,0,0,20,Low
CRD000628,CUST00628,678,Good,2026-10-21,0,2,42515.85,756.22,7.05,0,0,139,Low
CRD000629,CUST00629,730,Good,2025-11-18,0,1,4550.72,4917.71,23.99,2,90,89,Low
CRD000630,CUST00630,680,Good,2024-06-29,0,1,3879.62,7065.77,43.05,0,0,63,Low
CRD000631,CUST00631,549,Poor,2024-08-27,0,2,6456.65,884.91,10.91,2,120,20,High
CRD000632,CUST00632,727,Good,2026-02-26,0,0,0.0,14529.72,48.27,0,0,46,Low
CRD000633,CUST00633,750,Excellent,2026-09-24,1,0,51621.88,1824.63,7.02,1,120,36,Low
CRD000634,CUST00634,798,Excellent,2026-03-31,2,0,73018.6,14751.54,39.04,1,60,67,Low
CRD000635,CUST00635,798,Excellent,2026-12-29,0,1,9812.45,2332.94,20.72,0,0,71,Low
CRD000636,CUST00636,802,Excellent,2024-01-12,1,0,8267.93,2922.12,23.76,0,0,14,Low
CRD000637,CUST00637,806,Excellent,2024-06-24,1,0,42504.85,7231.61,10.64,0,0,54,Low
CRD000638,CUST00638,651,Good,2024-04-08,0,2,38588.1,365.11,8.1,0,0,66,Low
CRD000639,CUST00639,814,Excellent,2024-02-12,1,1,30608.57,2164.95,8.61,0,0,77,Low
CRD000640,CUST00640,782,Excellent,2024-07-19,0,0,0.0,4483.01,20.29,0,0,100,Low
CRD000641,CUST00641,644,Fair,2025-08-15,1,2,27142.94,7401.11,22.26,2,30,133,Medium
CRD000642,CUST00642,598,Fair,2026-06-09,0,1,3042.26,731.6,25.11,0,0,99,Medium
CRD000643,CUST00643,718,Good,2024-10-29,0,1,23047.94,1762.76,11.09,1,120,33,Low
CRD000644,CUST00644,466,Poor,2025-05-03,0,1,16065.42,421.62,15.28,5,120,102,High
CRD000645,CUST00645,595,Fair,2024-09-04,0,1,12772.7,1395.52,34.24,0,0,140,Medium
CRD000646,CUST00646,794,Excellent,2024-06-22,0,1,23025.95,14888.74,27.53,1,120,35,Low
CRD000647,CUST00647,776,Excellent,2024-03-01,1,0,35791.28,3899.96,18.42,1,60,30,Low
CRD000648,CUST00648,675,Good,2025-06-04,0,0,0.0,13073.85,43.58,5,15,21,Low
CRD000649,CUST00649,673,Good,2025-09-02,1,2,33527.91,11558.17,38.93,2,60,71,Low
CRD000650,CUST00650,639,Fair,2026-03-11,3,1,229894.82,2561.7,35.97,0,0,158,Medium
CRD000651,CUST00651,666,Good,2024-02-27,0,2,33644.2,5588.06,30.69,0,0,73,Low
CRD000652,CUST00652,680,Good,2026-02-05,0,1,14715.16,3397.59,14.76,4,30,172,Low
CRD000653,CUST00653,671,Good,2024-04-08,0,1,11962.05,6737.45,15.1,2,30,155,Low
CRD000654,CUST00654,721,Good,2024-01-29,1,1,75434.29,9776.41,23.2,3,60,52,Low
CRD000655,CUST00655,761,Excellent,2024-05-14,0,1,10705.17,15141.12,51.36,0,0,94,Low
CRD000656,CUST00656,436,Very Poor,2025-11-01,0,0,0.0,261.97,5.85,5,90,63,High
CRD000657,CUST00657,621,Fair,2024-09-02,0,1,14651.68,9667.56,53.12,1,30,123,Medium
CRD000658,CUST00658,612,Fair,2024-01-03,0,2,12988.8,214.01,15.72,1,30,113,Medium
CRD000659,CUST00659,671,Good,2025-02-21,2,0,68332.03,6690.31,26.9,0,0,23,Low
CRD000660,CUST00660,666,Good,2024-06-17,0,0,0.0,14612.93,39.04,2,90,7,Low
CRD000661,CUST00661,841,Excellent,2024-12-06,1,2,95595.99,8352.69,22.54,0,0,19,Low
CRD000662,CUST00662,451,Poor,2024-02-04,0,0,0.0,233.7,17.75,2,90,85,High
CRD000663,CUST00663,749,Good,2024-06-07,2,3,140335.83,1521.33,24.45,0,0,34,Low
CRD000664,CUST00664,787,Excellent,2026-08-01,0,0,0.0,2575.65,6.89,0,0,148,Low
CRD000665,CUST00665,636,Fair,2026-02-14,1,0,70354.14,1113.73,19.39,0,0,66,Medium
CRD000666,CUST00666,773,Excellent,2026-01-15,0,2,30172.47,7273.8,19.47,0,0,70,Low
CRD000667,CUST00667,783,Excellent,2024-09-28,0,0,0.0,2085.53,13.99,0,0,59,Low
CRD000668,CUST00668,691,Good,2026-11-14,3,1,135026.76,3091.87,14.83,0,0,30,Low
CRD000669,CUST00669,695,Good,2024-06-28,1,2,84568.7,13004.41,42.49,2,90,73,Low
CRD000670,CUST00670,508,Poor,2024-02-01,0,0,0.0,6635.05,27.28,4,30,80,High
CRD000671,CUST00671,716,Good,2026-01-18,1,1,51138.72,113.59,3.41,0,0,93,Low
CRD000672,CUST00672,542,Poor,2026-07-13,0,1,4613.02,874.35,14.26,3,30,111,High
CRD000673,CUST00673,576,Fair,2025-07-03,1,0,26354.91,2318.24,33.4,0,0,128,Medium
CRD000674,CUST00674,697,Good,2024-01-12,0,0,0.0,10856.46,42.34,1,30,59,Low
CRD000675,CUST00675,637,Fair,2026-02-27,0,0,0.0,10488.45,28.22,3,15,109,Medium
CRD000676,CUST00676,629,Fair,2024-06-22,1,0,60959.97,140.78,4.38,0,0,97,Medium
CRD000677,CUST00677,669,Good,2024-11-27,1,0,9580.72,1743.88,27.33,1,30,163,Low
CRD000678,CUST00678,743,Good,2026-08-22,1,3,114826.12,2289.8,19.22,1,15,113,Low
CRD000679,CUST00679,635,Fair,2025-05-17,0,3,11395.92,671.95,13.57,1,15,133,Medium
CRD000680,CUST00680,669,Good,2024-03-14,1,0,71902.57,3281.77,21.09,0,0,106,Low
CRD000681,CUST00681,662,Good,2026-03-31,1,0,45978.11,9425.84,32.6,2,90,142,Low
CRD000682,CUST00682,788,Excellent,2024-10-04,0,1,17455.48,5671.23,21.02,0,0,52,Low
CRD000683,CUST00683,723,Good,2025-11-28,0,2,37415.42,3374.69,14.76,1,15,48,Low
CRD000684,CUST00684,704,Good,2026-06-11,0,1,12801.19,2001.54,13.37,0,0,110,Low
CRD000685,CUST00685,791,Excellent,2024-07-23,0,0,0.0,2941.84,6.67,0,0,48,Low
CRD000686,CUST00686,765,Excellent,2025-06-14,0,2,18439.95,7350.3,16.61,0,0,66,Low
CRD000687,CUST00687,566,Fair,2026-11-09,1,2,15264.96,74.41,5.08,0,0,14,Medium
CRD000688,CUST00688,733,Good,2025-06-29,0,3,13439.94,8411.66,22.26,1,30,170,Low
CRD000689,CUST00689,724,Good,2026-12-11,0,1,20116.83,13601.58,43.11,1,120,83,Low
CRD000690,CUST00690,726,Good,2025-06-21,1,2,72923.9,16796.5,37.92,2,60,26,Low
CRD000691,CUST00691,745,Good,2024-04-23,0,1,7161.38,3441.3,8.76,0,0,103,Low
CRD000692,CUST00692,672,Good,2026-04-05,1,0,21401.48,667.62,15.47,0,0,118,Low
CRD000693,CUST00693,699,Good,2024-10-28,2,0,112670.28,4653.53,25.76,1,60,99,Low
CRD000694,CUST00694,741,Good,2026-06-22,0,0,0.0,8245.7,32.36,1,90,125,Low
CRD000695,CUST00695,661,Good,2025-03-13,0,1,14479.29,402.21,12.78,2,30,162,Low
CRD000696,CUST00696,515,Poor,2024-08-25,0,1,23733.09,198.21,17.11,0,0,60,High
CRD000697,CUST00697,703,Good,2024-06-20,1,1,41704.27,902.44,17.96,0,0,138,Low
CRD000698,CUST00698,778,Excellent,2026-12-25,2,1,18511.28,3298.81,9.03,2,120,83,Low
CRD000699,CUST00699,723,Good,2026-04-28,0,0,0.0,1442.74,6.28,3,15,73,Low
CRD000700,CUST00700,684,Good,2026-03-15,0,2,9729.91,3187.74,18.11,0,0,126,Low
CRD000701,CUST00701,649,Fair,2026-01-12,0,0,0.0,4113.28,38.98,1,60,74,Medium
CRD000702,CUST00702,742,Good,2024-03-12,0,2,30921.84,23626.73,51.03,2,60,58,Low
CRD000703,CUST00703,717,Good,2024-01-07,1,0,23312.68,8448.52,30.53,0,0,91,Low
CRD000704,CUST00704,722,Good,2026-10-26,0,2,40388.85,11226.26,33.53,0,0,171,Low
CRD000705,CUST00705,776,Excellent,2024-04-24,0,3,66071.76,6525.12,17.83,0,0,68,Low
CRD000706,CUST00706,841,Excellent,2024-11-06,1,0,44611.55,6663.63,15.21,0,0,53,Low
CRD000707,CUST00707,710,Good,2026-06-17,2,2,115689.96,2498.3,6.45,0,0,157,Low
CRD000708,CUST00708,579,Fair,2026-04-17,0,1,4813.71,3642.62,17.49,2,30,102,Medium
CRD000709,CUST00709,814,Excellent,2026-09-25,2,1,118489.7,12704.94,36.29,0,0,129,Low
CRD000710,CUST00710,706,Good,2024-02-07,1,1,51473.61,1184.02,11.15,0,0,95,Low
CRD000711,CUST00711,737,Good,2025-03-30,0,0,0.0,243.79,5.17,0,0,92,Low
CRD000712,CUST00712,688,Good,2026-08-31,0,0,0.0,9988.32,41.79,1,15,115,Low
CRD000713,CUST00713,812,Excellent,2025-01-10,0,0,0.0,3039.66,25.35,0,0,50,Low
CRD000714,CUST00714,730,Good,2025-01-04,0,2,38222.59,30405.22,50.94,0,0,132,Low
CRD000715,CUST00715,461,Poor,2025-12-21,0,3,31558.75,335.36,6.45,3,120,89,High
CRD000716,CUST00716,531,Poor,2025-03-03,1,1,62221.92,434.11,19.43,0,0,139,High
CRD000717,CUST00717,800,Excellent,2024-11-02,0,1,14877.45,4690.49,12.8,0,0,57,Low
CRD000718,CUST00718,799,Excellent,2024-07-19,1,1,79484.75,5424.26,15.29,1,120,9,Low
CRD000719,CUST00719,457,Poor,2025-08-06,0,2,10641.2,6.64,1.4,0,0,94,High
CRD000720,CUST00720,758,Excellent,2026-06-04,0,1,11205.94,9906.43,24.21,1,60,30,Low
CRD000721,CUST00721,489,Poor,2025-12-16,0,0,0.0,226.83,17.27,1,15,17,High
CRD000722,CUST00722,713,Good,2025-04-09,0,2,23242.29,1731.01,5.37,0,0,163,Low
CRD000723,CUST00723,599,Fair,2024-07-24,1,1,34177.01,171.5,3.57,3,120,100,Medium
CRD000724,CUST00724,719,Good,2026-12-06,1,2,58509.62,2811.77,26.91,1,120,120,Low
CRD000725,CUST00725,743,Good,2026-08-06,0,0,0.0,2633.92,6.39,1,120,138,Low
CRD000726,CUST00726,736,Good,2024-11-24,0,2,47177.56,14469.47,54.28,2,120,156,Low
CRD000727,CUST00727,584,Fair,2026-12-08,0,1,16085.28,1240.78,18.42,0,0,107,Medium
CRD000728,CUST00728,693,Good,2025-09-26,1,2,66302.01,3498.09,22.43,1,120,154,Low
CRD000729,CUST00729,781,Excellent,2026-10-23,0,0,0.0,6720.29,20.71,1,120,53,Low
CRD000730,CUST00730,727,Good,2026-06-29,0,2,22804.4,1628.25,11.19,0,0,67,Low
CRD000731,CUST00731,592,Fair,2024-07-26,0,3,62566.71,3104.92,29.59,3,30,119,Medium
CRD000732,CUST00732,546,Poor,2026-01-25,0,3,71930.92,60.41,7.03,0,0,138,High
CRD000733,CUST00733,752,Excellent,2024-12-01,0,2,27063.38,2830.72,18.4,2,60,131,Low
CRD000734,CUST00734,780,Excellent,2024-06-16,0,1,3107.29,2342.99,5.48,0,0,37,Low
CRD000735,CUST00735,556,Fair,2024-05-18,2,1,126946.43,652.81,9.63,0,0,152,Medium
CRD000736,CUST00736,769,Excellent,2026-08-15,0,0,0.0,14190.71,38.29,0,0,84,Low
CRD000737,CUST00737,594,Fair,2024-09-22,3,1,137734.81,2693.95,31.62,1,120,76,Medium
CRD000738,CUST00738,477,Poor,2025-06-21,0,0,0.0,0.27,1.07,1,120,45,High
CRD000739,CUST00739,736,Good,2026-01-13,2,1,21378.58,10197.28,42.14,1,120,170,Low
CRD000740,CUST00740,814,Excellent,2026-08-03,0,0,0.0,16218.78,42.31,0,0,85,Low
CRD000741,CUST00741,537,Poor,2026-04-10,1,0,27288.35,1298.05,6.4,4,60,108,High
CRD000742,CUST00742,737,Good,2024-09-26,2,0,118514.53,7072.18,39.9,1,90,44,Low
CRD000743,CUST00743,717,Good,2025-03-02,2,1,159899.84,12273.49,28.52,1,90,67,Low
CRD000744,CUST00744,749,Good,2024-12-19,0,1,21979.15,10018.16,26.2,1,15,146,Low
CRD000745,CUST00745,635,Fair,2024-04-04,1,3,81547.41,1454.75,21.68,3,120,134,Medium
CRD000746,CUST00746,685,Good,2026-02-14,0,2,11607.91,5501.34,35.8,0,0,39,Low
CRD000747,CUST00747,673,Good,2024-04-23,2,1,68882.54,9477.28,25.4,4,60,123,Low
CRD000748,CUST00748,517,Poor,2024-02-06,0,0,0.0,0.36,4.98,0,0,108,High
CRD000749,CUST00749,760,Excellent,2024-02-03,1,2,49282.52,1382.0,11.96,0,0,8,Low
CRD000750,CUST00750,678,Good,2025-07-03,1,1,47048.5,19994.59,44.56,1,120,41,Low
CRD000751,CUST00751,658,Good,2024-09-18,0,1,23862.2,576.14,15.29,0,0,36,Low
CRD000752,CUST00752,681,Good,2024-12-23,1,0,71594.43,680.04,14.67,0,0,61,Low
CRD000753,CUST00753,652,Good,2024-04-28,0,0,0.0,510.01,5.33,3,15,106,Low
CRD000754,CUST00754,832,Excellent,2025-07-09,2,1,59639.44,7078.55,18.19,0,0,171,Low
CRD000755,CUST00755,763,Excellent,2025-09-08,3,0,159010.44,6089.13,13.67,3,30,134,Low
CRD000756,CUST00756,626,Fair,2026-03-30,0,1,2089.53,2225.86,44.24,1,15,136,Medium
CRD000757,CUST00757,700,Good,2024-12-31,0,0,0.0,5467.94,30.39,0,0,180,Low
CRD000758,CUST00758,439,Very Poor,2024-04-15,1,2,31313.75,287.7,12.33,1,90,13,High
CRD000759,CUST00759,522,Poor,2024-12-24,2,1,168980.95,7154.14,43.51,5,60,48,High
CRD000760,CUST00760,753,Excellent,2024-04-16,0,0,0.0,9334.59,16.71,1,60,171,Low
CRD000761,CUST00761,834,Excellent,2026-03-30,1,2,19572.92,7872.97,23.28,0,0,19,Low
CRD000762,CUST00762,611,Fair,2026-02-20,1,0,71563.63,23350.76,50.57,2,90,176,Medium
CRD000763,CUST00763,787,Excellent,2025-04-24,0,1,23919.27,21821.18,48.79,1,60,125,Low
CRD000764,CUST00764,707,Good,2025-05-20,0,1,24195.89,2688.33,19.16,0,0,53,Low
CRD000765,CUST00765,793,Excellent,2025-08-15,1,3,66726.32,3521.76,8.86,1,90,158,Low
CRD000766,CUST00766,817,Excellent,2024-11-10,2,0,141475.68,12278.37,27.79,0,0,36,Low
CRD000767,CUST00767,711,Good,2025-12-24,0,0,0.0,6537.88,25.83,0,0,163,Low
CRD000768,CUST00768,590,Fair,2026-07-03,0,1,21881.83,3853.43,38.88,0,0,68,Medium
CRD000769,CUST00769,738,Good,2025-10-19,2,1,144485.49,18688.02,41.67,0,0,120,Low
CRD000770,CUST00770,784,Excellent,2026-05-07,0,2,19681.91,7235.86,17.82,0,0,17,Low
CRD000771,CUST00771,737,Good,2024-09-11,0,1,13194.21,4314.04,17.49,1,15,131,Low
CRD000772,CUST00772,629,Fair,2024-02-07,0,2,26731.77,295.38,19.0,0,0,66,Medium
CRD000773,CUST00773,416,Very Poor,2025-03-15,1,0,52215.73,702.61,13.51,4,15,149,High
CRD000774,CUST00774,757,Excellent,2025-02-05,0,3,53893.77,1443.63,5.61,0,0,10,Low
CRD000775,CUST00775,786,Excellent,2025-07-05,1,0,71023.67,4164.67,21.59,1,30,100,Low
CRD000776,CUST00776,702,Good,2024-02-29,0,0,0.0,3291.61,14.44,0,0,100,Low
CRD000777,CUST00777,769,Excellent,2026-10-18,1,3,67084.66,12432.64,33.96,0,0,163,Low
CRD000778,CUST00778,793,Excellent,2026-12-11,0,0,0.0,3306.24,11.44,0,0,129,Low
CRD000779,CUST00779,435,Very Poor,2025-03-07,2,0,122190.04,73.46,2.64,1,120,107,High
CRD000780,CUST00780,697,Good,2026-04-29,0,0,0.0,2901.13,39.7,0,0,149,Low
CRD000781,CUST00781,618,Fair,2026-03-15,0,0,0.0,12520.77,36.08,3,120,71,Medium
CRD000782,CUST00782,772,Excellent,2025-07-12,0,1,10766.97,5340.01,34.72,0,0,71,Low
CRD000783,CUST00783,720,Good,2026-06-20,0,0,0.0,6011.79,43.65,0,0,48,Low
CRD000784,CUST00784,629,Fair,2026-12-12,0,1,3459.46,743.75,17.77,4,120,17,Medium
CRD000785,CUST00785,776,Excellent,2025-01-03,0,2,9745.39,2496.93,10.43,0,0,127,Low
CRD000786,CUST00786,793,Excellent,2024-05-21,0,1,5032.76,10655.03,25.37,1,30,67,Low
CRD000787,CUST00787,653,Good,2026-05-05,0,1,21727.58,6229.07,26.85,1,120,46,Low
CRD000788,CUST00788,768,Excellent,2026-11-08,1,1,49746.47,2514.49,10.7,0,0,173,Low
CRD000789,CUST00789,770,Excellent,2026-06-20,0,2,46089.93,11413.98,40.4,0,0,90,Low
CRD000790,CUST00790,591,Fair,2026-10-29,0,1,7229.52,7192.35,31.98,3,120,117,Medium
CRD000791,CUST00791,825,Excellent,2024-07-10,0,3,47225.89,4028.56,8.99,0,0,150,Low
CRD000792,CUST00792,745,Good,2024-01-05,0,2,38294.38,313.76,8.64,0,0,158,Low
CRD000793,CUST00793,773,Excellent,2024-08-27,1,0,38749.37,8144.11,24.57,3,120,66,Low
CRD000794,CUST00794,782,Excellent,2024-04-07,1,0,49755.82,27075.96,43.66,2,120,130,Low
CRD000795,CUST00795,628,Fair,2024-11-03,0,1,5772.78,5763.99,25.12,3,120,178,Medium
CRD000796,CUST00796,691,Good,2025-08-02,1,2,58847.95,7212.33,32.3,0,0,78,Low
CRD000797,CUST00797,637,Fair,2026-07-30,0,1,5192.66,1480.92,8.25,4,60,118,Medium
CRD000798,CUST00798,719,Good,2025-06-18,0,1,14642.83,9629.76,30.79,0,0,153,Low
CRD000799,CUST00799,650,Good,2025-01-26,1,0,38066.91,12726.91,34.85,2,120,48,Low
CRD000800,CUST00800,765,Excellent,2024-03-01,0,3,67638.2,5832.46,44.13,0,0,58,Low
CRD000801,CUST00801,839,Excellent,2024-12-26,0,0,0.0,3917.58,11.92,0,0,25,Low
CRD000802,CUST00802,343,Very Poor,2026-06-08,0,2,39814.48,185.0,18.56,4,15,99,High
CRD000803,CUST00803,772,Excellent,2025-02-13,2,1,42656.94,6117.17,25.21,0,0,32,Low
CRD000804,CUST00804,749,Good,2025-01-10,1,2,81515.59,16428.13,53.2,0,0,130,Low
CRD000805,CUST00805,688,Good,2024-04-29,0,1,5026.68,731.83,13.58,0,0,39,Low
CRD000806,CUST00806,711,Good,2024-08-29,0,3,39023.88,11138.35,33.72,0,0,172,Low
CRD000807,CUST00807,739,Good,2025-02-26,0,1,16863.57,7869.03,21.65,0,0,137,Low
CRD000808,CUST00808,656,Good,2026-08-31,0,1,15760.77,1067.57,9.31,0,0,61,Low
CRD000809,CUST00809,639,Fair,2024-08-18,0,2,40516.46,736.2,15.22,0,0,141,Medium
CRD000810,CUST00810,704,Good,2025-08-18,1,1,55379.51,6139.76,30.25,1,15,148,Low
CRD000811,CUST00811,783,Excellent,2025-12-18,0,1,15917.61,13314.29,40.99,0,0,115,Low
CRD000812,CUST00812,703,Good,2025-12-11,0,1,23467.06,4463.19,10.14,2,120,80,Low
CRD000813,CUST00813,764,Excellent,2026-07-16,0,3,63167.55,5936.94,23.59,2,60,50,Low
CRD000814,CUST00814,780,Excellent,2024-09-20,0,3,59548.55,4869.02,44.15,1,60,18,Low
CRD000815,CUST00815,694,Good,2026-08-30,2,2,147227.15,3365.74,24.91,0,0,53,Low
CRD000816,CUST00816,743,Good,2025-05-21,1,1,39157.33,2840.81,6.92,0,0,9,Low
CRD000817,CUST00817,724,Good,2024-10-31,0,0,0.0,220.37,5.04,0,0,118,Low
CRD000818,CUST00818,476,Poor,2026-04-13,1,1,68482.95,246.26,17.91,1,60,26,High
CRD000819,CUST00819,751,Excellent,2024-03-19,0,1,23129.4,9596.52,24.25,0,0,9,Low
CRD000820,CUST00820,767,Excellent,2026-12-27,0,1,12988.8,4836.7,23.98,0,0,76,Low
CRD000821,CUST00821,703,Good,2025-01-08,0,1,7020.08,27831.5,43.78,0,0,179,Low
CRD000822,CUST00822,603,Fair,2025-09-07,0,0,0.0,12884.75,36.31,3,120,77,Medium
CRD000823,CUST00823,528,Poor,2024-09-30,1,2,84821.47,10753.55,51.86,5,90,14,High
CRD000824,CUST00824,680,Good,2026-04-11,3,2,57626.66,14624.35,33.94,2,60,136,Low
CRD000825,CUST00825,748,Good,2026-08-29,2,1,66093.06,26990.75,42.82,0,0,14,Low
CRD000826,CUST00826,656,Good,2025-01-27,1,0,51939.7,3764.94,13.96,1,60,161,Low
CRD000827,CUST00827,720,Good,2025-10-30,2,0,145580.14,7513.7,20.16,0,0,73,Low
CRD000828,CUST00828,801,Excellent,2024-07-31,0,2,30399.89,6779.9,20.79,0,0,107,Low
CRD000829,CUST00829,746,Good,2026-11-01,0,1,12672.15,372.64,6.67,0,0,91,Low
CRD000830,CUST00830,731,Good,2026-05-22,1,1,97995.32,4229.74,29.21,0,0,26,Low
CRD000831,CUST00831,807,Excellent,2026-07-01,1,0,12342.15,5270.4,13.03,0,0,135,Low
CRD000832,CUST00832,731,Good,2025-08-23,0,2,32741.56,9569.92,22.81,1,120,88,Low
CRD000833,CUST00833,781,Excellent,2025-12-01,2,1,79057.59,4530.98,13.18,0,0,169,Low
CRD000834,CUST00834,786,Excellent,2025-04-19,1,0,60394.25,14940.87,42.24,0,0,78,Low
CRD000835,CUST00835,658,Good,2026-01-15,0,0,0.0,6163.8,20.7,2,60,115,Low
CRD000836,CUST00836,738,Good,2024-11-27,2,3,129170.13,10935.43,33.57,0,0,104,Low
CRD000837,CUST00837,649,Fair,2026-07-11,1,1,63521.52,3232.22,42.22,0,0,38,Medium
CRD000838,CUST00838,850,Excellent,2026-04-17,1,0,21671.24,9184.95,27.96,0,0,77,Low
CRD000839,CUST00839,710,Good,2026-09-19,0,0,0.0,4162.0,12.8,0,0,67,Low
CRD000840,CUST00840,785,Excellent,2024-07-01,0,1,6396.98,9902.05,29.56,0,0,173,Low
CRD000841,CUST00841,767,Excellent,2026-10-24,0,2,46690.26,2704.65,10.42,0,0,48,Low
CRD000842,CUST00842,711,Good,2026-10-20,2,2,87598.96,1293.67,19.13,0,0,72,Low
CRD000843,CUST00843,706,Good,2024-06-17,1,0,6488.9,838.61,11.21,0,0,143,Low
CRD000844,CUST00844,650,Good,2024-01-27,2,1,87264.08,1135.63,6.03,0,0,125,Low
CRD000845,CUST00845,548,Poor,2024-10-21,1,0,48746.24,302.09,23.03,1,15,106,High
CRD000846,CUST00846,782,Excellent,2025-12-26,0,0,0.0,10599.96,26.73,1,60,47,Low
CRD000847,CUST00847,691,Good,2026-07-23,0,2,47918.45,6229.09,21.4,1,60,57,Low
CRD000848,CUST00848,608,Fair,2026-02-08,3,0,139391.88,3338.93,32.04,5,90,35,Medium
CRD000849,CUST00849,692,Good,2024-04-09,1,0,42136.44,10180.36,44.95,0,0,177,Low
CRD000850,CUST00850,704,Good,2024-02-10,0,1,22757.57,45.63,0.99,1,60,107,Low
CRD000851,CUST00851,838,Excellent,2026-07-22,2,0,26391.65,14764.1,34.89,0,0,8,Low
CRD000852,CUST00852,664,Good,2025-04-08,0,0,0.0,2351.14,27.48,1,60,180,Low
CRD000853,CUST00853,769,Excellent,2025-03-29,0,2,32644.38,10111.62,24.98,0,0,169,Low
CRD000854,CUST00854,765,Excellent,2026-12-17,0,0,0.0,4626.15,36.43,0,0,104,Low
CRD000855,CUST00855,847,Excellent,2024-09-24,1,1,71692.32,5665.12,16.06,0,0,171,Low
CRD000856,CUST00856,813,Excellent,2025-03-17,0,1,23532.81,9761.06,22.22,0,0,111,Low
CRD000857,CUST00857,642,Fair,2024-06-14,1,3,17541.42,432.52,12.32,0,0,159,Medium
CRD000858,CUST00858,503,Poor,2026-01-18,1,0,27510.44,1003.28,24.95,3,60,153,High
CRD000859,CUST00859,622,Fair,2025-08-16,1,1,42539.61,2994.47,17.78,4,15,92,Medium
CRD000860,CUST00860,715,Good,2024-01-10,1,0,26913.31,3953.65,27.55,0,0,24,Low
CRD000861,CUST00861,585,Fair,2025-05-20,0,1,16157.96,1431.03,20.11,0,0,24,Medium
CRD000862,CUST00862,809,Excellent,2024-03-10,2,0,143869.17,7850.71,22.56,0,0,7,Low
CRD000863,CUST00863,773,Excellent,2025-08-05,1,1,33209.69,9978.24,22.65,0,0,140,Low
CRD000864,CUST00864,791,Excellent,2026-02-24,0,1,11402.95,3460.32,18.85,0,0,138,Low
CRD000865,CUST00865,686,Good,2026-07-31,0,1,7390.64,8175.0,43.37,0,0,30,Low
CRD000866,CUST00866,722,Good,2026-04-22,0,1,6196.12,6498.67,17.81,0,0,171,Low
CRD000867,CUST00867,728,Good,2025-05-07,3,2,94533.84,1616.54,11.31,2,90,42,Low
CRD000868,CUST00868,691,Good,2025-11-14,3,2,83415.36,9035.72,36.42,1,120,176,Low
CRD000869,CUST00869,471,Poor,2026-12-03,1,0,37525.16,154.28,10.97,0,0,84,High
CRD000870,CUST00870,709,Good,2025-12-03,2,1,81668.51,9844.45,38.93,1,30,98,Low
CRD000871,CUST00871,754,Excellent,2024-11-26,1,0,44095.11,1864.43,5.49,0,0,107,Low
CRD000872,CUST00872,732,Good,2024-10-07,2,0,84129.15,5619.51,16.38,0,0,180,Low
CRD000873,CUST00873,715,Good,2026-12-21,0,3,37757.72,5819.64,21.35,2,15,69,Low
CRD000874,CUST00874,504,Poor,2025-03-10,1,2,28093.97,440.9,9.39,2,30,21,High
CRD000875,CUST00875,599,Fair,2025-03-19,1,0,70183.44,159.04,28.13,0,0,75,Medium
CRD000876,CUST00876,605,Fair,2025-06-04,0,1,15098.96,743.76,15.26,0,0,67,Medium
CRD000877,CUST00877,627,Fair,2025-08-20,1,0,42031.52,3910.69,31.82,1,90,134,Medium
CRD000878,CUST00878,820,Excellent,2026-06-19,0,1,9437.05,8427.28,41.65,0,0,124,Low
CRD000879,CUST00879,799,Excellent,2024-10-16,0,1,22266.46,2926.32,10.85,0,0,85,Low
CRD000880,CUST00880,798,Excellent,2026-04-15,0,0,0.0,9943.86,42.28,0,0,39,Low
CRD000881,CUST00881,812,Excellent,2024-04-28,0,0,0.0,7726.05,27.77,0,0,104,Low
CRD000882,CUST00882,790,Excellent,2025-01-06,1,3,83041.26,13763.28,30.7,0,0,79,Low
CRD000883,CUST00883,613,Fair,2024-12-28,0,0,0.0,8097.13,42.81,1,30,36,Medium
CRD000884,CUST00884,614,Fair,2024-05-19,0,1,10000.39,902.18,19.42,0,0,64,Medium
CRD000885,CUST00885,825,Excellent,2026-08-16,0,1,8141.2,10252.71,20.41,0,0,129,Low
CRD000886,CUST00886,810,Excellent,2026-07-18,1,1,82898.62,8082.15,18.83,0,0,42,Low
CRD000887,CUST00887,515,Poor,2024-05-18,2,1,88596.19,457.06,9.84,5,120,156,High
CRD000888,CUST00888,701,Good,2025-10-18,1,0,6997.29,3014.43,17.63,1,90,136,Low
CRD000889,CUST00889,751,Excellent,2026-12-09,1,1,74830.82,6875.13,17.17,3,30,151,Low
CRD000890,CUST00890,751,Excellent,2024-06-09,0,1,1566.0,6155.66,18.55,0,0,107,Low
CRD000891,CUST00891,482,Poor,2024-09-08,2,1,124494.13,3400.48,34.63,3,60,158,High
CRD000892,CUST00892,593,Fair,2026-12-16,1,2,73136.79,128.46,12.26,0,0,148,Medium
CRD000893,CUST00893,805,Excellent,2024-06-11,0,1,15224.47,1682.17,14.69,0,0,8,Low
CRD000894,CUST00894,736,Good,2025-06-18,0,1,10743.0,1430.49,27.77,0,0,171,Low
CRD000895,CUST00895,747,Good,2026-09-13,0,2,6633.1,19897.32,35.81,0,0,165,Low
CRD000896,CUST00896,726,Good,2024-05-17,0,0,0.0,1666.08,12.69,1,120,38,Low
CRD000897,CUST00897,754,Excellent,2024-03-06,1,0,14169.63,6674.89,15.43,1,90,32,Low
CRD000898,CUST00898,628,Fair,2025-01-05,0,3,62888.63,347.74,17.21,0,0,36,Medium
CRD000899,CUST00899,671,Good,2026-04-19,3,2,150887.22,9518.09,17.28,2,15,89,Low
CRD000900,CUST00900,610,Fair,2025-07-27,3,2,147206.9,4258.71,19.86,4,15,20,Medium
CRD000901,CUST00901,651,Good,2024-02-03,1,1,54358.36,343.02,8.98,0,0,122,Low
CRD000902,CUST00902,717,Good,2025-08-27,0,2,34763.81,13173.8,31.76,0,0,83,Low
CRD000903,CUST00903,769,Excellent,2026-10-20,0,0,0.0,7416.02,18.13,1,90,6,Low
CRD000904,CUST00904,749,Good,2024-01-13,0,1,23377.63,18778.98,34.67,0,0,77,Low
CRD000905,CUST00905,716,Good,2025-07-06,0,2,28714.96,4893.8,18.7,3,90,39,Low
CRD000906,CUST00906,749,Good,2025-07-30,0,0,0.0,5783.65,16.53,0,0,65,Low
CRD000907,CUST00907,797,Excellent,2025-12-11,0,0,0.0,10294.19,28.19,1,120,70,Low
CRD000908,CUST00908,680,Good,2024-01-12,0,0,0.0,5941.2,30.41,5,90,102,Low
CRD000909,CUST00909,733,Good,2025-01-28,0,1,9057.97,9892.55,22.62,0,0,120,Low
CRD000910,CUST00910,713,Good,2026-04-10,0,0,0.0,2511.61,42.96,1,120,15,Low
CRD000911,CUST00911,662,Good,2025-01-28,0,1,19196.68,3113.79,32.27,0,0,148,Low
CRD000912,CUST00912,453,Poor,2026-11-28,0,0,0.0,354.74,12.14,0,0,180,High
CRD000913,CUST00913,715,Good,2026-07-31,2,3,165996.79,5087.1,36.54,0,0,64,Low
CRD000914,CUST00914,761,Excellent,2026-05-08,0,2,16951.75,5280.03,19.51,0,0,139,Low
CRD000915,CUST00915,797,Excellent,2025-11-11,1,1,80042.76,21734.73,33.58,1,30,47,Low
CRD000916,CUST00916,706,Good,2024-01-16,2,0,140775.28,7309.21,39.88,0,0,107,Low
CRD000917,CUST00917,749,Good,2026-12-17,0,0,0.0,12997.87,34.19,0,0,92,Low
CRD000918,CUST00918,692,Good,2024-03-09,0,0,0.0,5035.57,39.71,2,30,17,Low
CRD000919,CUST00919,778,Excellent,2025-01-19,0,3,69908.78,11114.74,32.5,0,0,18,Low
CRD000920,CUST00920,720,Good,2024-03-08,0,0,0.0,2722.72,7.94,1,30,97,Low
CRD000921,CUST00921,713,Good,2025-07-27,1,1,53682.8,18700.18,27.91,0,0,112,Low
CRD000922,CUST00922,748,Good,2026-09-09,0,1,15791.99,6937.88,26.82,0,0,161,Low
CRD000923,CUST00923,658,Good,2025-10-07,2,0,40779.47,1710.73,20.24,1,60,81,Low
CRD000924,CUST00924,782,Excellent,2025-09-30,1,1,39775.31,4703.42,11.19,0,0,154,Low
CRD000925,CUST00925,689,Good,2026-03-30,0,1,3610.86,4425.41,20.79,0,0,113,Low
CRD000926,CUST00926,708,Good,2025-06-15,0,1,2961.14,7845.38,45.63,0,0,92,Low
CRD000927,CUST00927,728,Good,2025-06-14,0,2,38296.37,12884.42,30.23,0,0,179,Low
CRD000928,CUST00928,846,Excellent,2025-07-07,2,0,14425.1,2513.92,8.58,0,0,101,Low
CRD000929,CUST00929,776,Excellent,2025-07-14,3,2,138900.33,3797.19,15.6,0,0,172,Low
CRD000930,CUST00930,500,Poor,2026-04-26,0,0,0.0,39.62,1.75,3,60,99,High
CRD000931,CUST00931,540,Poor,2026-12-25,0,1,21299.34,851.66,15.45,2,15,91,High
CRD000932,CUST00932,489,Poor,2025-12-01,1,1,86834.06,453.44,22.16,0,0,15,High
CRD000933,CUST00933,845,Excellent,2025-07-13,3,2,178471.23,12132.21,27.31,0,0,48,Low
CRD000934,CUST00934,671,Good,2026-02-26,0,2,6685.85,9234.67,37.32,3,90,130,Low
CRD000935,CUST00935,804,Excellent,2025-08-09,0,1,4960.17,6148.0,21.68,1,120,31,Low
CRD000936,CUST00936,814,Excellent,2024-04-07,2,2,133060.42,1228.53,5.14,0,0,162,Low
CRD000937,CUST00937,766,Excellent,2025-06-24,1,0,32355.05,6206.45,19.13,3,90,120,Low
CRD000938,CUST00938,733,Good,2026-07-25,0,1,11809.63,4088.06,15.23,1,30,6,Low
CRD000939,CUST00939,716,Good,2026-03-17,0,0,0.0,5129.26,15.93,0,0,42,Low
CRD000940,CUST00940,663,Good,2025-04-12,0,1,2364.99,9206.56,21.08,4,15,93,Low
CRD000941,CUST00941,846,Excellent,2024-05-12,0,2,15049.59,6804.5,22.54,0,0,153,Low
CRD000942,CUST00942,711,Good,2024-09-05,1,0,67135.38,1262.46,12.37,2,60,174,Low
CRD000943,CUST00943,594,Fair,2025-08-30,0,0,0.0,5541.08,23.05,3,60,13,Medium
CRD000944,CUST00944,791,Excellent,2025-03-23,1,1,49255.32,8953.92,22.38,0,0,134,Low
CRD000945,CUST00945,817,Excellent,2024-08-26,0,0,0.0,18113.34,43.78,0,0,28,Low
CRD000946,CUST00946,659,Good,2024-11-04,2,2,49482.58,6667.93,29.28,0,0,36,Low
CRD000947,CUST00947,660,Good,2026-03-30,1,1,79761.01,1492.67,21.35,1,90,51,Low
CRD000948,CUST00948,758,Excellent,2025-07-03,0,0,0.0,15303.42,40.9,0,0,19,Low
CRD000949,CUST00949,652,Good,2024-04-04,1,1,12401.98,5167.05,41.08,1,60,177,Low
CRD000950,CUST00950,749,Good,2025-07-27,1,0,64658.34,1836.05,14.73,0,0,134,Low
CRD000951,CUST00951,786,Excellent,2025-08-01,0,1,18233.46,3896.63,31.17,0,0,113,Low
CRD000952,CUST00952,803,Excellent,2025-12-18,0,0,0.0,7206.24,14.74,1,90,14,Low
CRD000953,CUST00953,731,Good,2025-03-05,1,0,15023.79,1918.46,7.33,1,90,75,Low
CRD000954,CUST00954,797,Excellent,2025-10-18,1,3,102101.24,2680.78,9.41,0,0,20,Low
CRD000955,CUST00955,820,Excellent,2026-10-28,0,1,18587.46,9827.46,24.39,0,0,83,Low
CRD000956,CUST00956,504,Poor,2025-07-26,1,1,26676.84,2717.72,36.0,4,90,152,High
CRD000957,CUST00957,781,Excellent,2024-09-07,1,2,70545.45,4434.29,20.89,0,0,17,Low
CRD000958,CUST00958,489,Poor,2025-11-12,0,2,49020.0,114.85,9.33,2,90,140,High
CRD000959,CUST00959,480,Poor,2026-03-11,1,2,92352.79,463.73,27.99,1,15,64,High
CRD000960,CUST00960,393,Very Poor,2024-08-16,1,0,56206.8,90.68,28.85,2,120,107,High
CRD000961,CUST00961,755,Excellent,2026-12-31,1,0,14272.93,2704.19,7.41,1,30,106,Low
CRD000962,CUST00962,601,Fair,2025-10-21,0,0,0.0,1491.05,20.79,0,0,116,Medium
CRD000963,CUST00963,777,Excellent,2026-04-27,0,3,52699.54,7709.98,19.15,3,15,70,Low
CRD000964,CUST00964,636,Fair,2026-03-11,0,1,18980.94,246.36,7.91,0,0,59,Medium
CRD000965,CUST00965,351,Very Poor,2025-03-07,1,0,69150.65,133.15,10.67,4,30,51,High
CRD000966,CUST00966,432,Very Poor,2025-01-15,0,0,0.0,1773.1,22.7,3,120,146,High
CRD000967,CUST00967,707,Good,2024-07-08,0,3,38883.89,12498.44,28.14,0,0,17,Low
CRD000968,CUST00968,594,Fair,2026-10-09,1,2,91542.11,910.59,20.65,0,0,61,Medium
CRD000969,CUST00969,711,Good,2024-09-22,0,0,0.0,2137.12,38.01,0,0,180,Low
CRD000970,CUST00970,708,Good,2025-07-01,0,0,0.0,339.65,10.47,0,0,127,Low
CRD000971,CUST00971,671,Good,2025-04-07,0,1,8120.83,6767.84,26.32,1,15,26,Low
CRD000972,CUST00972,704,Good,2025-05-05,0,3,56902.43,173.94,3.05,0,0,165,Low
CRD000973,CUST00973,701,Good,2025-05-26,0,0,0.0,8057.45,40.18,2,15,61,Low
CRD000974,CUST00974,843,Excellent,2026-04-08,2,1,135614.43,13935.69,39.14,0,0,56,Low
CRD000975,CUST00975,717,Good,2026-05-11,0,1,7925.21,2695.54,8.41,0,0,99,Low
CRD000976,CUST00976,593,Fair,2025-08-13,0,0,0.0,2647.72,7.3,3,90,162,Medium
CRD000977,CUST00977,648,Fair,2025-12-03,1,0,21516.84,32177.61,54.21,2,90,135,Medium
CRD000978,CUST00978,653,Good,2026-11-26,1,0,9497.64,6927.6,33.55,5,120,159,Low
CRD000979,CUST00979,564,Fair,2026-06-19,0,0,0.0,2710.86,14.76,3,90,82,Medium
CRD000980,CUST00980,682,Good,2025-02-20,0,2,7933.91,400.46,7.17,0,0,136,Low
CRD000981,CUST00981,700,Good,2024-07-07,0,0,0.0,7383.34,33.26,1,120,82,Low
CRD000982,CUST00982,776,Excellent,2026-11-04,0,1,6163.47,1856.38,15.59,0,0,39,Low
CRD000983,CUST00983,699,Good,2025-08-21,0,0,0.0,3305.97,44.56,1,15,8,Low
CRD000984,CUST00984,614,Fair,2025-09-27,0,1,23288.86,3.76,0.14,0,0,67,Medium
CRD000985,CUST00985,473,Poor,2026-03-09,2,3,80183.98,63.81,3.48,0,0,88,High
CRD000986,CUST00986,502,Poor,2026-08-17,1,1,51983.36,48.6,29.69,0,0,22,High
CRD000987,CUST00987,687,Good,2026-12-28,2,1,34493.98,7937.91,52.16,2,90,168,Low
CRD000988,CUST00988,724,Good,2026-01-21,2,0,131628.26,1038.23,5.31,1,120,132,Low
CRD000989,CUST00989,818,Excellent,2024-11-03,2,1,137210.56,13532.08,41.85,1,15,140,Low
CRD000990,CUST00990,618,Fair,2024-11-25,0,0,0.0,1407.09,7.94,3,90,148,Medium
CRD000991,CUST00991,443,Very Poor,2026-05-03,2,2,153018.7,178.07,16.83,3,15,85,High
CRD000992,CUST00992,650,Good,2024-06-27,0,0,0.0,7302.02,26.11,2,120,91,Low
CRD000993,CUST00993,801,Excellent,2026-12-08,2,0,16957.52,9721.62,13.92,1,30,11,Low
CRD000994,CUST00994,762,Excellent,2025-06-04,0,0,0.0,4581.12,20.79,0,0,139,Low
CRD000995,CUST00995,525,Poor,2024-05-31,1,0,50648.01,65.02,3.71,0,0,180,High
CRD000996,CUST00996,565,Fair,2024-10-12,0,0,0.0,550.6,15.14,0,0,144,Medium
CRD000997,CUST00997,600,Fair,2026-08-27,0,1,18799.16,1345.28,16.79,0,0,100,Medium
CRD000998,CUST00998,555,Fair,2024-07-23,0,1,1857.17,2031.93,17.04,3,15,103,Medium
CRD000999,CUST00999,729,Good,2026-10-27,0,1,3695.24,9216.5,39.55,0,0,171,Low
CRD001000,CUST01000,846,Excellent,2025-08-27,1,1,44555.18,7651.92,26.08,0,0,113,Low
