risk_profile_id,customer_id,risk_assessment_date,customer_risk_category,onboarding_risk_score,transaction_risk_score,credit_risk_score,fraud_risk_score,aml_risk_score,final_risk_score,risk_reason,review_status
RISK000001,CUST00001,2026-05-22,Medium,80.72,46.61,25,64.89,63.39,55.28,,Closed
RISK000002,CUST00002,2026-08-29,Medium,72.74,70.17,25,68.65,68.95,61.16,,Closed
RISK000003,CUST00003,2024-09-13,Medium,17.49,47.58,25,73.25,64.05,44.65,,Closed
RISK000004,CUST00004,2024-04-03,Low,37.77,20.51,25,38.55,22.22,28.72,,Closed
RISK000005,CUST00005,2026-11-24,Low,15.56,31.47,25,34.48,10.5,24.45,,Closed
RISK000006,CUST00006,2025-05-19,Low,31.49,23.17,25,43.5,13.59,27.83,,Closed
RISK000007,CUST00007,2025-04-16,Low,18.56,32.91,25,37.32,31.52,29.13,,Closed
RISK000008,CUST00008,2026-01-15,Low,33.13,19.57,25,26.47,36.02,27.22,,Closed
RISK000009,CUST00009,2024-04-09,Low,24.97,38.68,55,11.49,27.96,32.16,,Closed
RISK000010,CUST00010,2026-01-03,Low,33.78,20.4,25,40.21,14.46,27.07,,Closed
RISK000011,CUST00011,2026-05-28,Low,24.82,32.13,55,10.34,22.74,29.48,,Closed
RISK000012,CUST00012,2026-10-18,Low,9.33,11.27,25,10.28,7.83,12.91,,Closed
RISK000013,CUST00013,2026-11-29,Low,38.79,43.02,25,32.96,23.37,33.61,,Closed
RISK000014,CUST00014,2025-04-21,Low,22.93,20.75,55,36.46,25.81,31.94,,Closed
RISK000015,CUST00015,2024-06-18,Low,6.94,39.4,25,28.42,21.1,25.09,,Closed
RISK000016,CUST00016,2026-11-11,Low,30.99,21.28,25,24.99,40.18,27.55,,Closed
RISK000017,CUST00017,2025-01-30,Low,11.4,43.69,25,31.08,16.49,26.89,,Closed
RISK000018,CUST00018,2025-06-09,Low,5.36,20.22,55,11.08,35.33,24.64,,Closed
RISK000019,CUST00019,2025-05-23,Low,27.43,29.39,25,31.16,23.33,27.57,,Closed
RISK000020,CUST00020,2025-02-13,Low,13.35,29.0,25,19.26,5.42,19.58,,Closed
RISK000021,CUST00021,2026-06-25,Low,29.89,44.3,25,26.62,19.54,30.31,,Closed
RISK000022,CUST00022,2025-01-24,Low,69.69,28.26,25,11.01,7.88,29.39,,Closed
RISK000023,CUST00023,2024-06-28,Medium,64.5,38.72,25,36.79,38.52,40.72,,Closed
RISK000024,CUST00024,2024-11-02,Low,25.9,19.79,25,13.92,6.59,18.9,,Closed
RISK000025,CUST00025,2026-06-02,Medium,33.14,41.88,55,32.1,44.57,41.2,,Closed
RISK000026,CUST00026,2026-12-16,Low,9.6,34.26,25,37.23,25.5,26.76,,Closed
RISK000027,CUST00027,2024-06-14,Low,13.64,15.85,80,34.91,34.75,34.88,,Closed
RISK000028,CUST00028,2026-05-09,Medium,32.67,26.58,80,25.44,40.12,40.29,,Closed
RISK000029,CUST00029,2026-03-28,Low,57.07,19.57,25,42.78,16.52,32.34,,Closed
RISK000030,CUST00030,2025-12-03,Low,22.48,27.49,25,37.09,40.07,29.8,,Closed
RISK000031,CUST00031,2024-12-11,Low,46.71,40.73,55,37.91,11.39,39.82,,Closed
RISK000032,CUST00032,2024-05-05,Low,27.7,10.01,25,11.16,37.3,20.87,,Closed
RISK000033,CUST00033,2024-03-15,Low,13.38,28.66,25,40.87,15.79,25.38,,Closed
RISK000034,CUST00034,2026-05-06,Low,12.63,12.19,80,32.89,24.81,31.87,,Closed
RISK000035,CUST00035,2025-01-14,Low,31.89,42.89,55,34.12,13.24,36.91,,Closed
RISK000036,CUST00036,2024-01-17,Low,6.51,12.18,25,14.13,15.23,14.46,,Closed
RISK000037,CUST00037,2026-09-10,Low,59.2,37.7,25,39.15,25.08,37.86,,Closed
RISK000038,CUST00038,2024-03-23,Medium,64.03,40.9,25,36.25,35.64,40.63,,Closed
RISK000039,CUST00039,2024-11-30,Low,11.68,30.39,25,37.89,10.44,24.08,,Closed
RISK000040,CUST00040,2026-04-27,Low,24.1,18.61,25,43.3,6.28,24.07,,Closed
RISK000041,CUST00041,2026-04-01,Low,6.33,17.82,25,19.82,38.68,20.49,,Closed
RISK000042,CUST00042,2025-06-27,Low,10.12,20.8,25,11.25,12.51,16.35,,Closed
RISK000043,CUST00043,2025-08-24,Low,50.71,37.1,25,34.62,32.43,36.21,,Closed
RISK000044,CUST00044,2024-10-16,Low,29.93,38.15,25,32.55,28.6,31.32,,Closed
RISK000045,CUST00045,2025-04-11,Low,11.15,14.4,80,15.83,10.41,26.56,,Closed
RISK000046,CUST00046,2024-09-23,Low,16.27,31.87,25,39.3,28.37,28.34,,Closed
RISK000047,CUST00047,2025-06-20,Low,11.96,10.91,25,38.73,28.68,22.17,,Closed
RISK000048,CUST00048,2025-12-04,Medium,5.09,43.31,80,40.53,40.53,42.03,,Closed
RISK000049,CUST00049,2026-05-10,Low,11.7,29.87,55,15.32,6.21,24.8,,Closed
RISK000050,CUST00050,2026-11-09,Low,14.26,42.5,25,42.33,43.13,33.41,,Closed
RISK000051,CUST00051,2026-08-20,Low,50.56,37.35,25,38.58,42.08,38.48,,Closed
RISK000052,CUST00052,2026-07-18,Low,24.56,11.4,25,37.44,20.71,23.36,,Closed
RISK000053,CUST00053,2025-09-28,Medium,52.75,39.45,55,26.81,23.15,40.25,,Closed
RISK000054,CUST00054,2026-05-17,Low,8.01,12.98,25,24.77,40.86,20.93,,Closed
RISK000055,CUST00055,2025-10-28,Low,24.34,15.32,25,20.02,14.88,19.94,,Closed
RISK000056,CUST00056,2026-11-25,Low,34.97,35.43,80,28.01,10.4,39.01,,Closed
RISK000057,CUST00057,2025-07-05,Medium,25.56,38.72,80,31.92,31.29,41.87,,Closed
RISK000058,CUST00058,2025-04-02,Low,83.93,26.79,25,12.77,16.16,33.46,,Closed
RISK000059,CUST00059,2026-10-08,Low,34.55,24.74,25,35.5,29.72,29.65,,Closed
RISK000060,CUST00060,2024-12-15,Low,64.21,33.68,25,23.15,30.57,35.48,,Closed
RISK000061,CUST00061,2026-12-31,Low,32.63,33.52,25,32.28,43.02,32.81,,Closed
RISK000062,CUST00062,2025-06-12,Low,16.54,39.62,55,12.24,15.56,29.0,,Closed
RISK000063,CUST00063,2025-11-03,Low,6.03,33.41,25,42.94,44.3,29.79,,Closed
RISK000064,CUST00064,2025-08-28,Low,21.11,33.05,25,42.14,30.01,30.41,,Closed
RISK000065,CUST00065,2024-01-25,Low,25.91,21.74,55,25.93,21.34,30.0,,Closed
RISK000066,CUST00066,2024-07-11,Low,93.73,19.87,25,10.57,35.86,36.21,,Closed
RISK000067,CUST00067,2025-04-10,Low,21.92,26.98,25,16.64,22.73,22.87,,Closed
RISK000068,CUST00068,2024-07-04,Low,12.28,26.02,25,30.51,35.27,25.35,,Closed
RISK000069,CUST00069,2026-05-11,Low,53.87,13.61,25,15.96,35.15,27.64,,Closed
RISK000070,CUST00070,2026-12-04,Low,15.78,34.48,25,18.0,6.86,21.41,,Closed
RISK000071,CUST00071,2025-11-05,Low,17.37,28.05,25,31.38,44.3,28.41,,Closed
RISK000072,CUST00072,2024-02-28,Low,15.53,25.66,25,13.17,25.31,20.95,,Closed
RISK000073,CUST00073,2026-01-27,Low,47.75,13.4,25,13.02,10.4,22.07,,Closed
RISK000074,CUST00074,2024-12-12,Low,87.15,38.79,25,20.4,23.55,39.74,,Closed
RISK000075,CUST00075,2024-10-08,Low,54.74,22.16,25,18.74,35.66,30.59,,Closed
RISK000076,CUST00076,2024-01-29,Low,5.65,40.51,25,18.3,15.8,22.29,,Closed
RISK000077,CUST00077,2026-03-05,Low,27.99,31.46,55,15.44,32.74,32.46,,Closed
RISK000078,CUST00078,2025-10-25,Low,12.43,22.51,25,39.0,38.12,26.63,,Closed
RISK000079,CUST00079,2025-07-16,Low,32.62,32.8,80,19.81,6.9,35.72,,Closed
RISK000080,CUST00080,2025-10-11,Low,12.54,10.13,25,44.72,18.54,21.77,,Closed
RISK000081,CUST00081,2026-11-27,Low,42.26,29.59,55,15.45,13.65,31.99,,Closed
RISK000082,CUST00082,2025-11-15,Low,82.87,14.9,55,14.04,27.96,38.3,,Closed
RISK000083,CUST00083,2026-05-22,Low,30.03,37.9,25,40.01,41.35,34.69,,Closed
RISK000084,CUST00084,2025-04-26,Low,30.92,16.62,25,10.41,10.72,19.03,,Closed
RISK000085,CUST00085,2026-09-06,Low,30.29,31.29,25,34.33,27.75,29.91,,Closed
RISK000086,CUST00086,2024-08-20,Low,29.17,14.79,25,38.77,36.7,27.79,,Closed
RISK000087,CUST00087,2025-04-13,Low,15.52,44.99,25,41.88,19.29,30.62,,Closed
RISK000088,CUST00088,2025-11-18,Low,59.2,16.77,55,43.41,21.41,38.93,,Closed
RISK000089,CUST00089,2024-06-09,Low,15.94,18.54,55,38.6,10.63,28.14,,Closed
RISK000090,CUST00090,2026-03-06,Low,22.38,44.64,25,16.24,8.96,25.23,,Closed
RISK000091,CUST00091,2026-05-05,Low,60.37,17.87,25,29.09,31.86,32.14,,Closed
RISK000092,CUST00092,2025-08-26,Low,6.39,20.07,55,17.67,14.97,23.08,,Closed
RISK000093,CUST00093,2026-09-21,Low,29.15,19.03,25,31.67,31.84,26.7,,Closed
RISK000094,CUST00094,2025-10-15,Low,93.88,10.43,25,21.87,44.76,37.47,,Closed
RISK000095,CUST00095,2024-12-14,Low,18.75,20.16,80,16.67,37.56,33.76,,Closed
RISK000096,CUST00096,2025-07-10,Low,27.39,15.45,80,32.66,23.02,35.33,,Closed
RISK000097,CUST00097,2024-03-09,Low,27.59,11.06,25,14.23,8.57,17.41,,Closed
RISK000098,CUST00098,2025-10-18,Low,15.02,37.12,55,44.25,14.26,34.27,,Closed
RISK000099,CUST00099,2025-09-17,Low,26.2,41.61,55,26.98,18.78,34.86,,Closed
RISK000100,CUST00100,2024-10-22,Low,21.66,41.56,25,44.57,28.46,32.91,,Closed
RISK000101,CUST00101,2024-11-21,Low,5.93,24.98,25,28.51,31.12,22.8,,Closed
RISK000102,CUST00102,2026-11-29,Low,33.87,25.43,25,30.32,15.41,26.51,,Closed
RISK000103,CUST00103,2024-03-31,Medium,75.65,42.55,55,23.17,37.58,47.04,,Closed
RISK000104,CUST00104,2024-05-20,Low,21.93,26.3,25,29.4,32.17,26.67,,Closed
RISK000105,CUST00105,2025-04-18,Medium,85.6,11.59,80,22.46,7.22,41.59,,Closed
RISK000106,CUST00106,2024-11-19,Low,20.9,13.81,80,25.29,30.23,33.23,,Closed
RISK000107,CUST00107,2025-02-20,Low,27.63,30.34,25,31.87,5.52,25.31,,Closed
RISK000108,CUST00108,2025-03-19,Medium,77.97,44.22,55,27.52,7.47,44.27,,Closed
RISK000109,CUST00109,2024-12-13,Low,32.23,19.28,25,27.65,14.26,23.93,,Closed
RISK000110,CUST00110,2026-02-07,Low,8.21,17.85,25,37.55,7.16,19.69,,Closed
RISK000111,CUST00111,2026-10-26,Low,37.88,15.25,25,21.59,6.91,21.74,,Closed
RISK000112,CUST00112,2024-05-31,Low,6.79,20.06,25,32.62,21.74,21.16,,Closed
RISK000113,CUST00113,2026-02-01,Low,33.42,13.7,80,32.39,5.28,33.38,,Closed
RISK000114,CUST00114,2026-07-29,Low,31.6,27.05,25,28.48,25.26,27.57,,Closed
RISK000115,CUST00115,2026-04-16,Low,28.34,17.82,25,28.61,43.82,27.42,,Closed
RISK000116,CUST00116,2026-01-21,Medium,85.51,42.87,25,28.41,12.28,40.34,,Closed
RISK000117,CUST00117,2025-10-03,Low,10.94,11.69,55,26.05,33.9,26.41,,Closed
RISK000118,CUST00118,2025-08-23,Low,42.38,13.37,25,21.67,17.03,23.71,,Closed
RISK000119,CUST00119,2026-12-15,Low,27.01,26.19,80,12.6,16.91,33.01,,Closed
RISK000120,CUST00120,2024-02-08,Low,9.97,35.92,80,36.17,31.45,38.93,,Closed
RISK000121,CUST00121,2025-02-10,Low,18.29,32.88,25,10.85,42.61,25.44,,Closed
RISK000122,CUST00122,2025-11-29,Low,68.01,10.04,55,11.83,23.57,33.01,,Closed
RISK000123,CUST00123,2026-08-30,Low,26.13,33.09,55,40.01,19.63,35.45,,Closed
RISK000124,CUST00124,2024-12-19,Low,12.45,21.36,55,13.43,10.83,23.14,,Closed
RISK000125,CUST00125,2025-07-26,Low,15.73,28.55,25,17.77,19.35,21.74,,Closed
RISK000126,CUST00126,2026-10-05,Low,44.7,31.85,25,37.92,11.97,31.28,,Closed
RISK000127,CUST00127,2025-05-05,Low,25.83,40.73,25,34.4,43.85,33.81,,Closed
RISK000128,CUST00128,2024-03-17,Low,5.83,24.85,25,36.52,16.64,22.18,,Closed
RISK000129,CUST00129,2024-10-29,Low,18.36,35.12,55,11.46,40.42,31.81,,Closed
RISK000130,CUST00130,2026-01-25,Low,31.24,31.27,25,20.6,6.43,24.15,,Closed
RISK000131,CUST00131,2025-01-11,Low,30.59,32.59,55,35.65,35.99,37.79,,Closed
RISK000132,CUST00132,2026-04-06,Low,30.39,38.22,25,12.48,37.53,28.76,,Closed
RISK000133,CUST00133,2024-12-09,Low,15.24,32.02,25,26.3,38.11,27.03,,Closed
RISK000134,CUST00134,2024-06-19,Low,33.71,39.38,25,26.44,33.28,31.87,,Closed
RISK000135,CUST00135,2026-11-18,Low,14.84,29.45,25,14.08,37.21,23.73,,Closed
RISK000136,CUST00136,2024-09-13,Low,28.9,29.52,25,37.31,38.75,31.43,,Closed
RISK000137,CUST00137,2025-05-17,Low,46.28,13.97,25,33.61,22.48,27.84,,Closed
RISK000138,CUST00138,2026-02-17,Low,6.71,24.1,25,25.18,40.77,23.52,,Closed
RISK000139,CUST00139,2026-10-31,Low,8.18,24.78,25,28.86,24.7,22.31,,Closed
RISK000140,CUST00140,2025-05-29,Low,7.91,36.3,25,19.57,31.96,24.36,,Closed
RISK000141,CUST00141,2025-05-11,Low,19.7,29.09,25,30.51,31.98,27.11,,Closed
RISK000142,CUST00142,2024-10-01,Low,27.02,13.05,25,16.77,7.32,18.12,,Closed
RISK000143,CUST00143,2024-12-25,Low,19.81,14.55,25,24.28,24.36,21.11,,Closed
RISK000144,CUST00144,2024-03-04,Low,55.07,19.76,55,34.76,15.51,36.23,,Closed
RISK000145,CUST00145,2026-07-23,Low,72.64,26.23,25,15.61,28.14,33.43,,Closed
RISK000146,CUST00146,2026-11-10,Low,51.17,19.95,55,21.76,13.0,32.52,,Closed
RISK000147,CUST00147,2025-03-09,Low,19.17,33.75,25,23.46,11.69,23.72,,Closed
RISK000148,CUST00148,2026-10-26,Low,18.77,39.97,25,37.31,38.29,31.95,,Closed
RISK000149,CUST00149,2025-06-27,Low,15.44,43.86,25,36.02,6.69,27.26,,Closed
RISK000150,CUST00150,2025-08-16,Low,34.22,43.45,25,18.6,21.88,29.71,,Closed
RISK000151,CUST00151,2025-11-08,Low,17.84,14.79,25,44.96,22.74,24.67,,Closed
RISK000152,CUST00152,2024-01-11,Low,22.59,10.59,25,20.02,29.96,20.66,,Closed
RISK000153,CUST00153,2025-03-07,Low,33.56,22.36,25,29.57,16.88,25.75,,Closed
RISK000154,CUST00154,2025-08-06,Low,28.55,34.88,25,43.31,5.03,28.85,,Closed
RISK000155,CUST00155,2026-07-14,Low,13.6,22.18,25,16.86,38.04,22.34,,Closed
RISK000156,CUST00156,2025-01-02,Low,55.14,38.38,25,23.06,38.35,35.99,,Closed
RISK000157,CUST00157,2024-12-19,Low,21.78,40.94,25,32.82,32.07,30.97,,Closed
RISK000158,CUST00158,2024-11-27,Low,10.05,22.0,80,42.05,7.1,32.99,,Closed
RISK000159,CUST00159,2024-06-20,Low,15.55,24.91,25,26.51,29.48,24.06,,Closed
RISK000160,CUST00160,2026-12-07,Medium,64.48,22.83,80,18.94,15.71,40.75,,Closed
RISK000161,CUST00161,2024-12-30,Medium,75.79,42.46,25,32.78,41.84,43.6,,Closed
RISK000162,CUST00162,2024-03-06,Low,13.28,42.65,55,27.75,27.84,34.05,,Closed
RISK000163,CUST00163,2025-03-21,Low,29.58,11.93,25,12.37,15.96,18.77,,Closed
RISK000164,CUST00164,2025-03-18,Low,5.13,25.02,55,32.79,17.13,27.41,,Closed
RISK000165,CUST00165,2024-12-14,Medium,89.27,31.1,55,29.88,40.37,48.66,,Closed
RISK000166,CUST00166,2026-10-30,Low,17.42,17.29,55,42.59,20.02,30.33,,Closed
RISK000167,CUST00167,2025-07-27,Low,16.19,35.0,25,39.09,20.32,27.85,,Closed
RISK000168,CUST00168,2025-08-16,Low,21.63,44.31,55,33.72,7.86,34.33,,Closed
RISK000169,CUST00169,2024-11-24,Low,18.66,21.49,25,42.54,27.09,26.68,,Closed
RISK000170,CUST00170,2024-01-06,Low,28.85,15.13,25,24.72,9.39,20.9,,Closed
RISK000171,CUST00171,2026-12-30,Low,5.01,43.77,25,39.32,7.73,25.97,,Closed
RISK000172,CUST00172,2026-07-04,Low,18.33,24.66,25,10.26,22.12,20.2,,Closed
RISK000173,CUST00173,2025-08-14,Low,30.27,42.51,80,24.12,15.36,39.81,,Closed
RISK000174,CUST00174,2024-01-08,Low,19.22,32.7,25,14.44,23.58,23.44,,Closed
RISK000175,CUST00175,2026-09-28,Low,84.05,41.96,25,11.32,13.11,36.53,,Closed
RISK000176,CUST00176,2026-01-29,Low,33.09,13.6,80,42.84,31.43,39.3,,Closed
RISK000177,CUST00177,2025-04-25,Low,47.83,33.62,25,31.41,40.86,35.38,,Closed
RISK000178,CUST00178,2026-10-21,Low,31.8,41.79,55,13.08,36.83,35.95,,Closed
RISK000179,CUST00179,2026-05-30,Low,16.09,21.07,25,13.1,20.25,19.14,,Closed
RISK000180,CUST00180,2024-01-06,Low,7.43,35.72,25,44.0,6.02,25.12,,Closed
RISK000181,CUST00181,2024-06-03,Low,21.06,22.15,55,14.46,20.95,26.78,,Closed
RISK000182,CUST00182,2026-02-11,Low,34.04,40.72,55,32.92,17.96,37.27,,Closed
RISK000183,CUST00183,2026-07-10,Low,34.25,41.95,25,22.37,7.23,27.9,,Closed
RISK000184,CUST00184,2025-07-29,Low,8.27,19.47,25,27.95,38.95,22.95,,Closed
RISK000185,CUST00185,2025-09-17,Low,49.37,23.84,25,34.69,12.51,29.65,,Closed
RISK000186,CUST00186,2024-02-19,Low,29.74,23.52,25,21.39,33.82,26.18,,Closed
RISK000187,CUST00187,2024-05-09,Low,26.79,22.7,25,20.97,22.0,23.53,,Closed
RISK000188,CUST00188,2024-09-18,Low,18.07,29.91,80,18.13,26.18,34.64,,Closed
RISK000189,CUST00189,2025-10-15,Low,18.92,21.77,55,27.54,29.13,30.1,,Closed
RISK000190,CUST00190,2026-01-16,Low,19.57,33.29,25,43.13,7.59,27.0,,Closed
RISK000191,CUST00191,2024-06-11,Medium,88.91,35.97,25,44.96,31.41,45.48,,Closed
RISK000192,CUST00192,2025-06-27,Low,16.89,22.61,25,37.77,6.25,22.52,,Closed
RISK000193,CUST00193,2026-02-04,Low,24.47,25.76,25,39.05,40.59,30.23,,Closed
RISK000194,CUST00194,2025-08-29,Low,25.43,40.13,25,41.38,40.06,34.4,,Closed
RISK000195,CUST00195,2026-01-29,Low,25.16,24.81,25,43.49,31.41,29.64,,Closed
RISK000196,CUST00196,2025-11-29,Low,13.56,17.55,25,39.52,31.11,24.67,,Closed
RISK000197,CUST00197,2024-11-04,Low,26.75,20.51,25,15.35,5.47,19.37,,Closed
RISK000198,CUST00198,2025-04-12,Low,28.95,36.6,55,29.66,35.64,37.22,,Closed
RISK000199,CUST00199,2024-12-14,Low,18.74,34.71,25,24.74,40.19,28.4,,Closed
RISK000200,CUST00200,2025-08-15,Medium,26.1,29.94,80,32.65,35.95,40.63,,Closed
RISK000201,CUST00201,2025-10-22,Low,11.68,37.12,25,10.85,17.09,21.35,,Closed
RISK000202,CUST00202,2026-07-09,Low,34.27,25.96,25,24.84,13.11,25.28,,Closed
RISK000203,CUST00203,2025-02-28,Low,5.69,33.42,25,16.92,10.59,19.47,,Closed
RISK000204,CUST00204,2024-07-23,Medium,86.43,36.55,80,15.71,15.21,47.85,,Closed
RISK000205,CUST00205,2026-03-19,Low,23.07,28.19,25,31.19,31.18,27.58,,Closed
RISK000206,CUST00206,2026-07-04,Low,6.17,40.26,25,12.98,9.84,20.37,,Closed
RISK000207,CUST00207,2024-03-20,Low,13.23,39.27,25,44.05,27.25,30.36,,Closed
RISK000208,CUST00208,2026-05-15,Low,8.51,15.72,80,28.14,18.58,30.05,,Closed
RISK000209,CUST00209,2025-12-05,Low,14.02,24.86,25,44.47,19.03,25.77,,Closed
RISK000210,CUST00210,2024-06-05,Low,9.86,18.53,25,44.72,7.79,21.72,,Closed
RISK000211,CUST00211,2025-12-26,Low,11.83,29.25,80,39.68,12.91,35.55,,Closed
RISK000212,CUST00212,2024-08-06,Low,29.1,38.68,55,41.77,33.22,39.83,,Closed
RISK000213,CUST00213,2025-06-27,Low,10.6,33.02,25,15.54,14.73,20.69,,Closed
RISK000214,CUST00214,2024-12-03,Low,21.79,28.22,55,29.49,20.8,31.43,,Closed
RISK000215,CUST00215,2026-01-01,Low,9.37,32.26,25,29.48,39.69,26.79,,Closed
RISK000216,CUST00216,2024-07-27,Low,17.38,22.07,25,33.43,11.72,22.44,,Closed
RISK000217,CUST00217,2025-05-16,Low,30.71,11.02,25,33.42,37.28,26.17,,Closed
RISK000218,CUST00218,2026-06-16,Low,33.28,41.28,55,24.15,10.14,34.33,,Closed
RISK000219,CUST00219,2024-01-14,Low,57.06,18.26,25,27.72,23.56,30.06,,Closed
RISK000220,CUST00220,2026-12-18,Low,14.44,19.1,25,33.24,28.5,23.59,,Closed
RISK000221,CUST00221,2024-09-19,Low,8.27,13.22,25,35.58,36.16,22.5,,Closed
RISK000222,CUST00222,2026-05-31,Low,25.04,39.69,25,34.37,5.45,27.62,,Closed
RISK000223,CUST00223,2024-09-06,Low,33.51,10.49,25,12.8,27.73,21.05,,Closed
RISK000224,CUST00224,2026-04-30,Low,29.96,13.12,55,25.23,29.25,29.71,,Closed
RISK000225,CUST00225,2024-05-13,Low,44.6,18.24,25,32.11,13.44,26.92,,Closed
RISK000226,CUST00226,2026-11-09,Low,9.71,10.92,25,41.74,27.43,22.13,,Closed
RISK000227,CUST00227,2026-07-23,Low,15.3,19.36,25,22.96,16.7,20.0,,Closed
RISK000228,CUST00228,2025-01-28,Low,28.68,34.58,25,32.64,38.13,31.63,,Closed
RISK000229,CUST00229,2025-04-04,Low,26.86,40.14,25,34.0,41.76,33.47,,Closed
RISK000230,CUST00230,2024-10-30,Low,73.85,39.17,25,28.12,28.85,39.51,,Closed
RISK000231,CUST00231,2025-08-08,Low,80.76,18.75,25,13.64,12.3,30.41,,Closed
RISK000232,CUST00232,2026-03-26,Low,8.88,27.19,25,23.51,5.79,19.14,,Closed
RISK000233,CUST00233,2024-06-27,Low,11.33,19.67,55,19.25,25.46,25.85,,Closed
RISK000234,CUST00234,2024-02-25,Medium,22.89,38.99,80,31.52,30.51,41.21,,Closed
RISK000235,CUST00235,2026-06-26,Low,16.38,13.99,25,21.2,14.24,18.15,,Closed
RISK000236,CUST00236,2025-02-19,Low,64.09,32.97,55,13.58,21.79,38.04,,Closed
RISK000237,CUST00237,2024-07-20,Low,22.04,35.87,25,19.58,44.53,28.97,,Closed
RISK000238,CUST00238,2025-01-23,Low,24.52,42.53,25,40.72,12.46,30.55,,Closed
RISK000239,CUST00239,2025-10-25,Low,28.17,27.65,55,25.58,20.43,31.73,,Closed
RISK000240,CUST00240,2024-05-29,Low,14.68,10.25,25,29.74,8.78,17.76,,Closed
RISK000241,CUST00241,2024-08-02,Low,29.98,32.28,25,35.69,36.02,31.61,,Closed
RISK000242,CUST00242,2025-12-07,Low,7.84,44.66,55,17.9,16.89,29.85,,Closed
RISK000243,CUST00243,2026-09-29,Low,18.93,33.26,25,31.65,27.44,27.55,,Closed
RISK000244,CUST00244,2026-06-23,Low,86.65,14.3,55,26.74,13.09,39.22,,Closed
RISK000245,CUST00245,2026-02-21,Low,31.21,15.48,25,13.97,43.44,24.42,,Closed
RISK000246,CUST00246,2024-06-10,Low,12.66,44.21,80,12.07,32.92,36.94,,Closed
RISK000247,CUST00247,2025-10-18,Medium,92.74,38.25,55,44.02,21.46,51.13,,Closed
RISK000248,CUST00248,2025-06-07,Medium,90.03,29.73,55,16.86,18.43,42.57,,Closed
RISK000249,CUST00249,2026-08-26,Low,22.59,22.58,25,25.92,30.67,24.95,,Closed
RISK000250,CUST00250,2024-03-04,Low,9.4,14.87,25,41.59,19.39,21.82,,Closed
RISK000251,CUST00251,2025-02-02,Low,19.45,27.57,25,30.89,21.21,25.14,,Closed
RISK000252,CUST00252,2025-12-13,Low,7.12,27.32,25,21.23,42.25,23.84,,Closed
RISK000253,CUST00253,2026-03-13,Low,16.49,44.3,25,25.02,6.63,25.37,,Closed
RISK000254,CUST00254,2025-02-15,Low,59.08,35.25,25,30.94,19.51,34.74,,Closed
RISK000255,CUST00255,2024-02-05,Low,29.49,39.77,25,33.45,28.01,31.73,,Closed
RISK000256,CUST00256,2024-09-12,Low,20.38,13.71,55,29.38,30.11,28.89,,Closed
RISK000257,CUST00257,2024-12-12,Low,30.04,36.38,55,11.61,10.71,30.03,,Closed
RISK000258,CUST00258,2025-05-04,Low,26.27,27.4,25,36.25,19.55,27.29,,Closed
RISK000259,CUST00259,2026-04-10,Low,10.83,23.9,25,19.69,37.81,22.75,,Closed
RISK000260,CUST00260,2026-03-26,Low,24.69,22.34,25,34.55,24.19,26.06,,Closed
RISK000261,CUST00261,2024-03-29,Low,23.26,12.37,25,32.03,42.13,25.47,,Closed
RISK000262,CUST00262,2026-10-18,Low,24.55,22.6,25,14.9,15.62,20.88,,Closed
RISK000263,CUST00263,2026-10-18,Low,29.86,16.06,25,33.91,21.06,24.93,,Closed
RISK000264,CUST00264,2025-02-06,Low,14.94,38.55,25,20.87,34.35,26.95,,Closed
RISK000265,CUST00265,2026-09-14,Low,58.71,41.6,25,20.71,29.35,35.69,,Closed
RISK000266,CUST00266,2024-08-31,Medium,89.86,29.44,55,33.94,25.29,46.91,,Closed
RISK000267,CUST00267,2024-01-23,Low,16.29,21.17,25,25.09,7.6,19.71,,Closed
RISK000268,CUST00268,2025-03-18,Low,34.62,27.16,25,28.67,35.56,29.78,,Closed
RISK000269,CUST00269,2025-01-19,Low,30.38,21.79,55,41.9,20.88,34.04,,Closed
RISK000270,CUST00270,2025-06-28,Low,7.51,29.97,80,35.17,42.4,38.39,,Closed
RISK000271,CUST00271,2026-04-06,Low,12.24,25.66,25,13.92,17.43,19.26,,Closed
RISK000272,CUST00272,2024-06-14,Low,24.09,41.49,25,43.5,44.81,35.61,,Closed
RISK000273,CUST00273,2024-02-04,Low,30.06,19.92,25,19.06,7.37,20.91,,Closed
RISK000274,CUST00274,2025-02-05,Low,56.28,39.98,55,17.93,9.79,37.31,,Closed
RISK000275,CUST00275,2026-11-10,Low,15.55,14.32,80,19.21,32.5,31.41,,Closed
RISK000276,CUST00276,2024-08-18,Low,18.0,44.97,25,41.16,36.94,33.61,,Closed
RISK000277,CUST00277,2026-09-27,Low,30.65,36.7,55,38.81,33.33,39.07,,Closed
RISK000278,CUST00278,2025-11-03,Low,22.03,19.26,55,41.5,27.28,32.61,,Closed
RISK000279,CUST00279,2026-02-17,Low,23.15,27.69,25,13.6,9.39,20.68,,Closed
RISK000280,CUST00280,2024-11-04,Low,30.49,21.21,25,21.58,10.24,22.25,,Closed
RISK000281,CUST00281,2026-07-28,Low,16.75,38.15,25,43.03,42.12,32.81,,Closed
RISK000282,CUST00282,2024-08-22,Low,58.38,34.57,25,10.82,15.47,29.8,,Closed
RISK000283,CUST00283,2025-02-14,Low,5.48,25.26,25,38.21,33.85,25.13,,Closed
RISK000284,CUST00284,2025-06-29,Low,18.38,31.32,25,19.34,21.68,23.63,,Closed
RISK000285,CUST00285,2024-02-06,Low,17.17,14.17,25,40.6,17.34,22.7,,Closed
RISK000286,CUST00286,2024-04-30,Low,10.03,20.14,80,30.54,30.2,33.68,,Closed
RISK000287,CUST00287,2026-10-05,Low,28.89,10.4,55,10.7,33.51,26.54,,Closed
RISK000288,CUST00288,2026-10-09,Low,29.1,10.46,55,28.39,17.88,27.79,,Closed
RISK000289,CUST00289,2025-07-02,Low,58.1,44.55,25,44.27,14.84,38.84,,Closed
RISK000290,CUST00290,2025-03-16,Low,31.6,11.08,25,44.96,34.02,28.19,,Closed
RISK000291,CUST00291,2024-04-17,Low,64.8,43.03,55,17.55,8.36,39.48,,Closed
RISK000292,CUST00292,2026-08-18,Low,7.42,11.08,25,30.23,39.01,21.15,,Closed
RISK000293,CUST00293,2024-11-09,Low,9.9,17.65,25,28.22,37.14,22.61,,Closed
RISK000294,CUST00294,2024-12-30,Low,81.63,29.54,25,31.04,18.81,37.74,,Closed
RISK000295,CUST00295,2024-10-18,Low,14.67,39.61,25,27.29,29.17,27.67,,Closed
RISK000296,CUST00296,2026-10-13,Low,28.59,34.96,55,24.01,15.05,32.52,,Closed
RISK000297,CUST00297,2025-12-23,Low,23.32,15.52,25,28.95,36.24,24.77,,Closed
RISK000298,CUST00298,2026-01-07,Low,20.18,27.13,25,39.48,16.33,26.16,,Closed
RISK000299,CUST00299,2024-09-08,Low,17.11,25.84,25,18.13,44.08,25.12,,Closed
RISK000300,CUST00300,2026-04-11,Low,20.95,43.37,25,21.51,34.09,29.45,,Closed
RISK000301,CUST00301,2026-02-22,Low,12.92,17.94,80,25.57,10.71,29.79,,Closed
RISK000302,CUST00302,2026-03-15,Low,15.17,32.94,25,11.5,30.72,23.18,,Closed
RISK000303,CUST00303,2025-07-29,Low,21.37,14.08,55,39.96,14.07,28.9,,Closed
RISK000304,CUST00304,2024-12-05,Medium,53.29,18.39,80,35.31,43.67,44.87,,Closed
RISK000305,CUST00305,2025-01-20,Low,9.42,15.59,25,30.47,9.21,18.26,,Closed
RISK000306,CUST00306,2024-05-31,Low,31.58,43.89,55,24.41,29.87,37.65,,Closed
RISK000307,CUST00307,2026-09-01,Low,26.28,30.52,25,25.45,39.01,28.83,,Closed
RISK000308,CUST00308,2024-01-22,Low,19.28,29.17,25,44.41,16.54,27.51,,Closed
RISK000309,CUST00309,2026-01-23,Low,31.02,11.79,25,16.8,28.0,21.71,,Closed
RISK000310,CUST00310,2025-10-20,Low,26.72,23.26,25,18.8,35.3,25.22,,Closed
RISK000311,CUST00311,2026-09-20,Low,11.09,29.36,55,24.15,33.84,30.46,,Closed
RISK000312,CUST00312,2026-07-17,Low,33.23,39.6,55,28.24,8.62,34.49,,Closed
RISK000313,CUST00313,2025-03-03,Low,32.75,21.11,25,32.54,15.91,25.72,,Closed
RISK000314,CUST00314,2024-07-18,Low,21.11,42.04,25,33.91,35.38,31.82,,Closed
RISK000315,CUST00315,2025-05-14,Medium,33.05,44.94,55,41.04,42.22,43.38,,Closed
RISK000316,CUST00316,2024-09-22,Medium,89.83,33.49,55,10.64,35.27,44.76,,Closed
RISK000317,CUST00317,2026-10-04,Low,13.64,41.73,25,13.03,37.14,26.34,,Closed
RISK000318,CUST00318,2024-11-12,Low,24.7,18.39,80,32.3,37.42,37.61,,Closed
RISK000319,CUST00319,2025-03-04,Low,8.66,42.92,25,10.22,14.34,21.66,,Closed
RISK000320,CUST00320,2026-02-12,Low,22.11,34.57,80,42.11,9.7,38.94,,Closed
RISK000321,CUST00321,2026-08-18,Low,26.61,34.6,25,14.97,33.83,27.04,,Closed
RISK000322,CUST00322,2024-06-27,Low,10.57,30.64,25,26.54,36.57,25.57,,Closed
RISK000323,CUST00323,2026-10-31,Low,5.37,44.04,55,40.07,38.54,36.88,,Closed
RISK000324,CUST00324,2025-08-26,Low,25.6,38.86,25,12.05,5.72,23.1,,Closed
RISK000325,CUST00325,2024-07-14,Low,25.25,28.22,55,13.91,29.37,30.29,,Closed
RISK000326,CUST00326,2024-12-19,Low,13.47,12.22,25,18.74,11.43,16.21,,Closed
RISK000327,CUST00327,2026-01-26,Low,34.45,29.5,25,34.03,16.3,28.51,,Closed
RISK000328,CUST00328,2024-07-30,Low,30.21,26.75,25,32.46,17.81,26.89,,Closed
RISK000329,CUST00329,2026-04-14,Low,58.27,23.04,25,36.22,43.49,36.18,,Closed
RISK000330,CUST00330,2025-12-14,Low,25.95,26.53,25,29.92,18.77,25.62,,Closed
RISK000331,CUST00331,2025-05-06,Low,12.84,15.58,25,25.15,16.23,18.93,,Closed
RISK000332,CUST00332,2026-04-12,Medium,73.38,39.83,55,10.33,15.62,40.04,,Closed
RISK000333,CUST00333,2026-12-12,Low,15.7,41.49,25,24.73,42.22,29.79,,Closed
RISK000334,CUST00334,2026-06-26,Low,20.83,11.62,25,17.14,36.03,20.91,,Closed
RISK000335,CUST00335,2026-04-12,Low,21.54,35.2,55,41.29,14.81,34.59,,Closed
RISK000336,CUST00336,2024-02-12,Low,16.43,25.21,25,16.23,24.15,21.46,,Closed
RISK000337,CUST00337,2025-07-31,Low,11.76,30.21,80,17.12,26.37,33.28,,Closed
RISK000338,CUST00338,2025-03-04,Low,31.02,12.35,25,15.56,5.11,18.17,,Closed
RISK000339,CUST00339,2024-05-26,Low,5.9,35.2,25,42.36,5.19,24.23,,Closed
RISK000340,CUST00340,2026-02-13,Low,60.96,32.99,25,22.07,31.4,34.56,,Closed
RISK000341,CUST00341,2025-11-25,Low,13.47,26.99,25,36.31,14.01,23.81,,Closed
RISK000342,CUST00342,2024-09-23,Low,41.86,11.62,55,28.66,6.85,29.04,,Closed
RISK000343,CUST00343,2025-07-15,Low,6.07,34.28,25,10.35,10.52,18.43,,Closed
RISK000344,CUST00344,2025-03-27,Low,33.43,27.29,25,33.64,41.15,31.41,,Closed
RISK000345,CUST00345,2025-06-23,Low,33.03,10.77,25,30.75,29.56,24.88,,Closed
RISK000346,CUST00346,2026-07-03,Low,17.59,30.15,55,10.97,20.64,27.35,,Closed
RISK000347,CUST00347,2026-12-22,Low,33.58,19.79,25,27.85,29.53,26.66,,Closed
RISK000348,CUST00348,2025-03-12,Low,5.83,16.18,25,13.46,41.79,19.17,,Closed
RISK000349,CUST00349,2026-05-08,Low,20.59,32.43,55,17.57,11.63,28.48,,Closed
RISK000350,CUST00350,2024-05-09,Low,83.99,26.36,25,11.09,24.87,34.33,,Closed
RISK000351,CUST00351,2024-08-11,Low,27.88,38.18,25,30.59,35.18,31.52,,Closed
RISK000352,CUST00352,2025-07-20,Low,32.94,19.47,25,26.93,41.56,28.08,,Closed
RISK000353,CUST00353,2024-12-20,Low,15.31,35.96,25,14.89,39.62,25.97,,Closed
RISK000354,CUST00354,2026-11-22,Low,24.43,42.71,25,16.06,40.52,29.85,,Closed
RISK000355,CUST00355,2024-01-22,Low,27.3,29.96,55,22.9,30.06,33.04,,Closed
RISK000356,CUST00356,2026-01-08,Low,7.41,31.52,80,32.98,6.58,32.95,,Closed
RISK000357,CUST00357,2025-08-03,Low,12.58,37.82,25,12.62,27.53,23.62,,Closed
RISK000358,CUST00358,2026-10-30,Low,36.93,33.18,25,43.54,28.44,33.65,,Closed
RISK000359,CUST00359,2026-04-14,Medium,91.93,24.34,55,14.45,22.26,41.7,,Closed
RISK000360,CUST00360,2025-05-15,Low,29.34,28.77,25,24.69,19.32,25.9,,Closed
RISK000361,CUST00361,2026-12-30,Low,20.62,24.35,25,19.61,16.95,21.68,,Closed
RISK000362,CUST00362,2026-02-01,Low,6.24,30.88,25,12.23,8.53,17.69,,Closed
RISK000363,CUST00363,2026-12-02,Low,15.89,15.71,25,22.52,35.08,21.87,,Closed
RISK000364,CUST00364,2024-05-06,Low,34.82,36.81,25,16.41,26.67,28.45,,Closed
RISK000365,CUST00365,2024-03-26,Low,12.42,40.58,25,44.61,16.02,28.95,,Closed
RISK000366,CUST00366,2026-03-31,Low,23.41,12.45,55,23.8,13.74,25.62,,Closed
RISK000367,CUST00367,2024-05-23,Low,63.56,22.89,25,13.69,44.02,32.78,,Closed
RISK000368,CUST00368,2024-11-22,Medium,88.44,26.21,25,27.22,43.78,41.25,,Closed
RISK000369,CUST00369,2026-05-31,Low,21.65,18.5,25,19.85,30.79,22.54,,Closed
RISK000370,CUST00370,2026-06-16,Low,7.33,23.75,25,24.65,38.07,23.05,,Closed
RISK000371,CUST00371,2025-08-19,Low,47.96,31.76,25,33.0,33.64,34.18,,Closed
RISK000372,CUST00372,2024-01-16,Low,9.59,32.14,25,41.81,37.11,28.88,,Closed
RISK000373,CUST00373,2025-06-29,Low,45.12,17.61,25,22.54,36.8,28.45,,Closed
RISK000374,CUST00374,2024-04-06,Low,20.9,23.4,80,37.21,14.43,35.64,,Closed
RISK000375,CUST00375,2025-10-18,Low,5.45,34.6,25,39.24,19.48,25.51,,Closed
RISK000376,CUST00376,2026-04-11,Low,18.92,34.2,25,25.69,28.64,26.77,,Closed
RISK000377,CUST00377,2026-03-15,Low,44.85,22.23,25,31.85,28.31,30.14,,Closed
RISK000378,CUST00378,2026-01-10,Low,15.45,11.18,25,11.29,34.05,18.25,,Closed
RISK000379,CUST00379,2026-04-16,Medium,88.95,40.69,55,27.54,26.54,48.45,,Closed
RISK000380,CUST00380,2025-02-17,Low,17.39,31.29,25,37.39,23.28,27.27,,Closed
RISK000381,CUST00381,2026-04-28,Low,11.8,39.03,25,36.29,37.71,30.03,,Closed
RISK000382,CUST00382,2024-09-27,Medium,84.04,41.51,25,41.05,17.17,42.97,,Closed
RISK000383,CUST00383,2024-09-08,Medium,33.09,38.59,80,16.06,35.22,40.76,,Closed
RISK000384,CUST00384,2025-11-19,Low,9.51,31.28,55,44.58,25.89,33.52,,Closed
RISK000385,CUST00385,2025-04-27,Low,15.63,34.22,55,41.52,13.36,32.99,,Closed
RISK000386,CUST00386,2025-05-22,Low,27.48,32.7,55,18.93,20.95,31.6,,Closed
RISK000387,CUST00387,2024-05-22,Low,12.88,30.94,25,37.07,11.3,24.42,,Closed
RISK000388,CUST00388,2024-03-17,Low,9.29,16.09,25,24.49,35.36,21.08,,Closed
RISK000389,CUST00389,2026-06-30,Low,11.15,25.27,25,31.24,37.74,25.46,,Closed
RISK000390,CUST00390,2026-08-14,Low,33.93,35.03,25,33.34,11.47,28.93,,Closed
RISK000391,CUST00391,2024-09-01,Medium,50.36,32.59,80,12.16,29.73,41.11,,Closed
RISK000392,CUST00392,2026-12-31,Low,24.41,31.48,25,39.49,13.8,27.72,,Closed
RISK000393,CUST00393,2024-06-13,Low,31.7,35.47,25,42.78,41.69,35.02,,Closed
RISK000394,CUST00394,2024-05-15,Low,31.91,29.21,25,38.09,8.72,27.61,,Closed
RISK000395,CUST00395,2025-02-14,Low,10.54,24.4,80,23.46,39.07,34.76,,Closed
RISK000396,CUST00396,2025-11-06,Low,21.35,19.34,25,13.07,16.58,19.21,,Closed
RISK000397,CUST00397,2026-09-25,Low,32.33,39.84,25,21.92,17.86,28.49,,Closed
RISK000398,CUST00398,2024-09-19,Medium,88.29,36.76,80,15.76,12.96,47.94,,Closed
RISK000399,CUST00399,2024-09-26,Low,22.42,43.99,55,38.37,37.41,39.77,,Closed
RISK000400,CUST00400,2026-06-25,Low,8.94,11.22,25,32.4,18.85,18.9,,Closed
RISK000401,CUST00401,2026-11-15,Low,11.23,40.72,25,42.34,32.45,30.76,,Closed
RISK000402,CUST00402,2026-08-04,Low,24.55,41.56,25,16.24,21.7,26.8,,Closed
RISK000403,CUST00403,2024-05-09,Low,20.33,14.15,55,26.04,33.41,28.82,,Closed
RISK000404,CUST00404,2026-03-29,Low,5.11,16.72,25,39.54,7.76,19.28,,Closed
RISK000405,CUST00405,2026-05-07,Low,23.29,38.4,25,29.5,10.22,26.69,,Closed
RISK000406,CUST00406,2024-08-18,Low,31.78,38.87,25,36.12,26.51,32.27,,Closed
RISK000407,CUST00407,2025-07-20,Low,17.65,19.23,25,17.76,43.67,23.44,,Closed
RISK000408,CUST00408,2025-04-18,Medium,89.43,42.63,80,30.1,42.37,56.92,,Closed
RISK000409,CUST00409,2026-08-02,Low,11.94,39.53,80,12.92,8.18,32.08,,Closed
RISK000410,CUST00410,2024-01-23,Low,34.85,21.02,25,42.26,22.69,29.08,,Closed
RISK000411,CUST00411,2026-09-04,Medium,94.76,40.9,25,27.95,33.04,44.72,,Closed
RISK000412,CUST00412,2024-05-01,Low,10.57,34.14,25,43.84,37.57,30.05,,Closed
RISK000413,CUST00413,2026-12-17,Low,18.78,40.28,25,22.9,29.45,27.83,,Closed
RISK000414,CUST00414,2024-08-15,Low,26.18,29.45,25,15.99,6.49,21.77,,Closed
RISK000415,CUST00415,2024-12-08,Low,12.53,40.3,55,23.81,21.35,31.54,,Closed
RISK000416,CUST00416,2025-04-27,Low,17.49,36.31,25,41.92,23.56,29.49,,Closed
RISK000417,CUST00417,2024-08-22,Low,15.87,19.17,25,12.42,29.67,19.9,,Closed
RISK000418,CUST00418,2024-03-09,Low,29.14,43.56,25,16.01,36.77,30.44,,Closed
RISK000419,CUST00419,2024-05-26,Low,64.68,12.57,55,29.7,38.84,38.84,,Closed
RISK000420,CUST00420,2024-10-12,Low,24.21,24.39,25,32.13,25.62,26.21,,Closed
RISK000421,CUST00421,2025-01-22,Low,32.39,15.21,25,28.46,32.34,25.82,,Closed
RISK000422,CUST00422,2026-09-24,Low,5.08,26.05,80,35.95,21.46,33.94,,Closed
RISK000423,CUST00423,2025-05-16,Medium,29.66,42.43,55,42.6,26.65,40.06,,Closed
RISK000424,CUST00424,2025-03-30,Low,53.44,18.43,25,29.77,17.71,28.91,,Closed
RISK000425,CUST00425,2024-01-25,Low,12.05,33.27,25,11.82,23.22,21.58,,Closed
RISK000426,CUST00426,2025-10-23,Low,6.98,15.35,25,17.13,40.11,19.68,,Closed
RISK000427,CUST00427,2024-01-18,Low,21.66,15.71,25,14.95,28.67,20.55,,Closed
RISK000428,CUST00428,2024-09-24,Low,15.12,11.43,80,39.38,36.95,35.3,,Closed
RISK000429,CUST00429,2025-09-13,Low,17.14,19.47,25,26.91,20.8,21.8,,Closed
RISK000430,CUST00430,2024-02-14,Low,7.01,35.98,25,24.18,28.8,24.55,,Closed
RISK000431,CUST00431,2026-11-14,Low,16.24,24.03,25,38.0,42.99,28.31,,Closed
RISK000432,CUST00432,2026-07-17,Low,16.61,27.63,25,15.52,36.92,23.87,,Closed
RISK000433,CUST00433,2024-12-13,Low,10.72,34.18,25,31.32,16.3,24.4,,Closed
RISK000434,CUST00434,2024-12-24,Low,23.24,30.72,25,40.26,25.58,29.22,,Closed
RISK000435,CUST00435,2024-02-14,Low,25.57,26.23,25,30.51,41.28,28.96,,Closed
RISK000436,CUST00436,2025-10-07,Low,64.43,38.96,25,38.72,27.0,39.42,,Closed
RISK000437,CUST00437,2025-01-16,Low,31.4,11.64,80,43.95,17.78,36.65,,Closed
RISK000438,CUST00438,2024-12-13,Low,23.02,10.57,25,32.27,7.63,19.85,,Closed
RISK000439,CUST00439,2024-09-28,Low,30.5,37.08,25,36.82,20.69,30.84,,Closed
RISK000440,CUST00440,2026-10-02,Low,16.62,26.0,55,15.78,44.76,30.69,,Closed
RISK000441,CUST00441,2025-11-09,Low,34.26,15.64,25,35.71,24.0,26.5,,Closed
RISK000442,CUST00442,2026-09-30,Low,16.97,17.49,25,28.4,19.37,21.35,,Closed
RISK000443,CUST00443,2025-06-29,Low,27.3,20.14,25,17.9,9.4,20.48,,Closed
RISK000444,CUST00444,2026-02-26,Low,18.55,11.83,55,36.14,37.7,30.55,,Closed
RISK000445,CUST00445,2024-03-14,Low,26.15,28.98,25,36.37,17.91,27.44,,Closed
RISK000446,CUST00446,2025-12-05,Low,22.14,41.99,25,40.0,26.04,31.83,,Closed
RISK000447,CUST00447,2024-01-20,Low,34.71,24.57,80,16.94,25.07,36.23,,Closed
RISK000448,CUST00448,2025-04-09,Low,33.62,24.4,25,42.79,31.39,31.09,,Closed
RISK000449,CUST00449,2026-11-27,Low,25.61,14.12,25,44.58,5.53,23.4,,Closed
RISK000450,CUST00450,2024-12-28,Low,26.79,18.36,25,36.88,5.51,23.15,,Closed
RISK000451,CUST00451,2026-03-10,Low,19.26,44.0,25,31.3,41.54,32.34,,Closed
RISK000452,CUST00452,2025-09-15,Low,58.94,32.06,25,21.07,39.41,34.93,,Closed
RISK000453,CUST00453,2025-11-04,Low,82.95,21.8,25,18.33,19.7,33.66,,Closed
RISK000454,CUST00454,2024-10-04,Low,26.59,19.54,25,17.6,36.23,24.16,,Closed
RISK000455,CUST00455,2024-05-27,Low,10.2,18.17,25,23.34,26.12,20.17,,Closed
RISK000456,CUST00456,2025-01-08,Medium,58.2,24.59,55,39.26,29.94,41.13,,Closed
RISK000457,CUST00457,2024-05-18,Low,17.19,17.82,25,42.94,40.82,27.6,,Closed
RISK000458,CUST00458,2025-01-28,Low,58.73,30.91,25,26.14,25.01,33.45,,Closed
RISK000459,CUST00459,2025-09-04,Low,23.45,44.08,80,32.26,5.05,38.92,,Closed
RISK000460,CUST00460,2025-05-30,Low,18.58,21.66,80,37.03,36.92,38.08,,Closed
RISK000461,CUST00461,2024-10-25,Low,84.5,22.45,55,15.17,14.68,38.75,,Closed
RISK000462,CUST00462,2024-12-06,Low,30.44,32.96,25,12.08,10.35,23.3,,Closed
RISK000463,CUST00463,2026-11-27,Low,55.22,24.47,55,27.21,33.74,38.67,,Closed
RISK000464,CUST00464,2024-01-26,Low,17.79,32.69,80,27.87,24.34,36.96,,Closed
RISK000465,CUST00465,2024-08-20,Low,32.18,32.57,25,36.88,14.75,29.17,,Closed
RISK000466,CUST00466,2026-08-31,Low,50.42,18.7,55,32.13,13.33,34.19,,Closed
RISK000467,CUST00467,2025-11-23,Low,19.41,34.55,25,18.0,20.25,24.16,,Closed
RISK000468,CUST00468,2024-12-16,Low,5.6,20.16,25,11.47,34.25,18.59,,Closed
RISK000469,CUST00469,2024-11-20,Medium,93.34,38.58,25,10.31,38.5,41.15,,Closed
RISK000470,CUST00470,2026-07-22,Low,33.14,40.72,25,40.44,42.33,36.25,,Closed
RISK000471,CUST00471,2026-05-07,Low,16.08,29.57,25,29.49,14.37,23.66,,Closed
RISK000472,CUST00472,2026-09-04,Low,21.25,30.47,55,13.59,25.15,29.36,,Closed
RISK000473,CUST00473,2025-10-04,Low,27.61,35.83,25,40.46,22.51,30.95,,Closed
RISK000474,CUST00474,2026-09-16,Low,29.46,27.12,25,34.9,5.31,25.45,,Closed
RISK000475,CUST00475,2025-04-21,Low,90.9,16.67,25,10.72,18.31,32.24,,Closed
RISK000476,CUST00476,2024-04-30,Low,18.64,28.18,55,16.42,12.5,26.93,,Closed
RISK000477,CUST00477,2025-03-22,Low,20.09,11.9,55,33.46,25.28,28.48,,Closed
RISK000478,CUST00478,2024-08-12,Low,15.37,30.57,55,39.45,44.98,36.35,,Closed
RISK000479,CUST00479,2024-12-21,Low,24.34,12.14,55,11.71,32.52,26.12,,Closed
RISK000480,CUST00480,2024-08-18,Low,5.03,38.65,25,41.02,9.63,25.32,,Closed
RISK000481,CUST00481,2025-02-08,Low,30.02,37.05,25,42.23,27.44,32.83,,Closed
RISK000482,CUST00482,2026-12-21,Low,32.33,39.82,25,29.03,24.57,30.91,,Closed
RISK000483,CUST00483,2024-08-22,Low,30.56,26.84,55,13.68,38.53,32.34,,Closed
RISK000484,CUST00484,2026-10-28,Low,33.37,41.18,25,13.68,36.88,30.24,,Closed
RISK000485,CUST00485,2026-01-21,Low,33.18,30.32,25,15.62,29.0,26.69,,Closed
RISK000486,CUST00486,2024-06-09,Low,25.74,19.99,80,11.93,42.01,34.83,,Closed
RISK000487,CUST00487,2024-12-26,Low,7.38,40.55,55,41.68,12.24,32.79,,Closed
RISK000488,CUST00488,2025-12-28,Low,33.21,35.76,25,40.28,22.9,32.07,,Closed
RISK000489,CUST00489,2026-01-24,Low,10.96,42.28,25,41.39,22.89,29.47,,Closed
RISK000490,CUST00490,2024-04-11,Low,17.13,42.07,55,27.85,9.3,31.91,,Closed
RISK000491,CUST00491,2024-07-01,Low,19.03,29.97,25,43.29,17.44,27.57,,Closed
RISK000492,CUST00492,2024-12-24,Low,29.68,21.11,55,20.59,13.44,28.35,,Closed
RISK000493,CUST00493,2024-04-15,Low,6.37,42.2,80,36.05,21.89,38.32,,Closed
RISK000494,CUST00494,2024-10-10,Low,72.79,22.58,25,33.17,27.92,36.03,,Closed
RISK000495,CUST00495,2024-05-08,Low,12.66,34.8,25,17.94,41.11,25.99,,Closed
RISK000496,CUST00496,2026-09-14,Medium,27.47,34.38,80,42.73,32.31,43.48,,Closed
RISK000497,CUST00497,2026-04-09,Low,25.43,21.53,80,18.91,22.6,33.64,,Closed
RISK000498,CUST00498,2024-11-04,Low,24.16,17.5,80,19.3,18.89,31.9,,Closed
RISK000499,CUST00499,2026-03-13,Low,10.49,44.92,25,42.32,23.96,30.38,,Closed
RISK000500,CUST00500,2025-01-06,Low,32.03,24.17,25,20.92,18.13,24.35,,Closed
RISK000501,CUST00501,2024-11-10,Low,14.92,30.97,25,27.87,11.85,23.08,,Closed
RISK000502,CUST00502,2024-02-17,Low,11.32,16.43,25,10.83,40.53,19.62,,Closed
RISK000503,CUST00503,2025-04-03,Low,19.72,10.51,25,36.11,8.74,20.1,,Closed
RISK000504,CUST00504,2024-03-22,Low,6.45,37.37,25,13.43,30.54,22.9,,Closed
RISK000505,CUST00505,2024-05-04,Low,23.56,43.71,25,25.19,34.19,30.81,,Closed
RISK000506,CUST00506,2026-06-01,Low,24.82,31.12,25,35.46,35.68,30.19,,Closed
RISK000507,CUST00507,2025-05-15,Low,13.14,26.07,25,11.57,41.98,22.76,,Closed
RISK000508,CUST00508,2025-03-17,Low,11.76,10.39,25,19.56,9.97,15.36,,Closed
RISK000509,CUST00509,2024-01-28,Low,19.68,42.4,25,11.1,35.72,27.11,,Closed
RISK000510,CUST00510,2025-02-23,Low,74.43,22.98,25,39.42,16.33,35.97,,Closed
RISK000511,CUST00511,2025-08-03,Low,23.36,17.72,25,22.25,9.78,20.02,,Closed
RISK000512,CUST00512,2024-09-08,Low,15.13,12.62,25,14.23,9.24,15.41,,Closed
RISK000513,CUST00513,2025-05-27,Low,33.45,36.26,25,42.81,40.81,35.44,,Closed
RISK000514,CUST00514,2026-11-18,Low,11.07,43.37,25,33.98,10.43,26.42,,Closed
RISK000515,CUST00515,2025-07-26,Low,12.45,13.93,25,12.93,14.68,15.76,,Closed
RISK000516,CUST00516,2024-01-20,Low,24.12,25.46,55,40.5,32.16,35.11,,Closed
RISK000517,CUST00517,2024-08-04,Low,14.14,21.4,25,26.25,7.62,19.57,,Closed
RISK000518,CUST00518,2025-11-16,Low,8.0,35.14,55,33.05,20.82,31.12,,Closed
RISK000519,CUST00519,2026-09-16,Low,24.79,38.84,25,15.23,7.65,23.86,,Closed
RISK000520,CUST00520,2024-07-22,Low,49.52,23.54,80,20.58,26.93,39.94,,Closed
RISK000521,CUST00521,2024-09-17,Low,17.99,28.26,25,13.58,17.48,21.0,,Closed
RISK000522,CUST00522,2024-08-23,Low,17.83,35.34,25,16.55,29.66,25.16,,Closed
RISK000523,CUST00523,2026-03-17,Low,21.15,38.3,25,16.96,25.08,25.96,,Closed
RISK000524,CUST00524,2025-08-20,Low,32.02,14.99,25,18.19,12.1,20.6,,Closed
RISK000525,CUST00525,2026-08-06,Low,12.95,33.22,55,30.13,14.5,30.1,,Closed
RISK000526,CUST00526,2025-02-11,Low,75.53,44.98,25,33.47,8.67,39.35,,Closed
RISK000527,CUST00527,2025-04-14,Low,19.63,34.58,25,30.09,8.54,24.87,,Closed
RISK000528,CUST00528,2025-09-17,Low,23.26,15.32,25,22.62,21.49,21.23,,Closed
RISK000529,CUST00529,2024-02-27,Low,27.7,19.32,25,42.34,18.03,26.54,,Closed
RISK000530,CUST00530,2026-03-01,Low,16.93,21.73,55,21.19,24.66,27.76,,Closed
RISK000531,CUST00531,2025-01-08,Low,29.47,18.27,25,14.9,20.06,21.45,,Closed
RISK000532,CUST00532,2026-03-11,Low,23.47,25.53,25,10.34,37.67,23.79,,Closed
RISK000533,CUST00533,2024-10-11,Low,39.33,37.15,25,44.17,25.8,34.86,,Closed
RISK000534,CUST00534,2024-07-13,Low,11.03,25.02,25,39.34,8.28,22.57,,Closed
RISK000535,CUST00535,2025-09-04,Low,22.51,39.37,25,29.54,12.04,27.06,,Closed
RISK000536,CUST00536,2024-03-18,Low,20.79,20.4,25,26.52,8.94,20.9,,Closed
RISK000537,CUST00537,2026-11-07,Medium,50.64,32.38,55,43.93,34.09,43.12,,Closed
RISK000538,CUST00538,2026-02-28,Low,18.27,39.33,55,43.97,36.33,38.73,,Closed
RISK000539,CUST00539,2026-04-27,Low,23.33,33.95,25,15.5,20.02,24.26,,Closed
RISK000540,CUST00540,2025-04-19,Low,16.15,27.44,25,20.2,41.09,25.29,,Closed
RISK000541,CUST00541,2026-12-02,Low,23.77,16.93,25,35.0,39.61,26.93,,Closed
RISK000542,CUST00542,2024-11-14,Low,21.04,38.08,25,38.7,29.54,30.9,,Closed
RISK000543,CUST00543,2026-11-14,Low,21.07,21.21,25,37.89,5.39,22.9,,Closed
RISK000544,CUST00544,2026-03-26,Low,12.68,12.05,25,29.97,17.76,19.21,,Closed
RISK000545,CUST00545,2025-12-27,Low,8.24,34.2,25,22.47,14.42,21.85,,Closed
RISK000546,CUST00546,2024-03-01,Low,24.67,44.96,25,21.26,7.49,26.55,,Closed
RISK000547,CUST00547,2025-11-01,Low,31.6,40.56,25,34.64,29.43,32.8,,Closed
RISK000548,CUST00548,2025-03-16,Low,5.25,17.73,25,36.14,36.67,23.21,,Closed
RISK000549,CUST00549,2024-05-31,Low,14.65,12.27,25,35.49,23.9,21.68,,Closed
RISK000550,CUST00550,2024-05-16,Low,13.14,17.42,80,39.65,16.61,33.4,,Closed
RISK000551,CUST00551,2026-09-17,Low,27.01,20.59,25,27.72,20.74,24.21,,Closed
RISK000552,CUST00552,2025-07-01,Low,21.68,44.2,25,12.66,36.68,28.42,,Closed
RISK000553,CUST00553,2024-05-10,Low,24.2,18.22,55,38.37,36.31,33.52,,Closed
RISK000554,CUST00554,2026-04-20,Low,17.42,31.23,55,16.49,28.61,29.88,,Closed
RISK000555,CUST00555,2026-07-05,Low,21.55,14.51,25,41.65,23.09,24.73,,Closed
RISK000556,CUST00556,2024-08-02,Low,16.92,37.09,25,41.2,5.97,26.79,,Closed
RISK000557,CUST00557,2026-05-25,Low,27.67,20.45,25,25.82,16.88,23.34,,Closed
RISK000558,CUST00558,2025-10-24,Medium,87.14,32.76,25,20.56,41.92,41.02,,Closed
RISK000559,CUST00559,2026-03-15,Low,30.54,42.21,55,33.03,23.98,37.86,,Closed
RISK000560,CUST00560,2025-06-23,Low,23.59,10.11,25,14.11,23.0,18.52,,Closed
RISK000561,CUST00561,2024-07-29,Low,58.07,43.99,25,41.42,9.58,37.33,,Closed
RISK000562,CUST00562,2024-08-22,Low,21.22,14.23,25,10.02,43.71,21.36,,Closed
RISK000563,CUST00563,2025-11-20,Low,33.2,38.54,25,26.96,32.47,31.54,,Closed
RISK000564,CUST00564,2026-04-07,Low,84.64,41.73,25,22.41,10.34,38.39,,Closed
RISK000565,CUST00565,2025-11-06,Low,21.65,14.12,25,43.88,19.59,24.57,,Closed
RISK000566,CUST00566,2025-10-30,Low,25.08,11.45,25,28.56,9.29,19.99,,Closed
RISK000567,CUST00567,2024-02-06,Low,10.61,13.89,25,11.71,22.51,16.31,,Closed
RISK000568,CUST00568,2026-04-01,Low,63.57,40.19,25,16.81,23.69,34.68,,Closed
RISK000569,CUST00569,2026-09-06,Low,22.61,34.03,25,22.14,42.49,28.83,,Closed
RISK000570,CUST00570,2026-08-06,Low,21.2,13.27,25,44.2,14.45,23.57,,Closed
RISK000571,CUST00571,2024-05-04,Medium,89.06,28.8,80,43.7,36.54,55.23,,Closed
RISK000572,CUST00572,2025-02-25,Low,14.65,18.67,25,26.16,30.62,22.42,,Closed
RISK000573,CUST00573,2025-09-24,Low,77.65,36.36,25,13.09,33.52,37.27,,Closed
RISK000574,CUST00574,2026-07-22,Low,21.86,32.37,55,41.8,28.56,36.11,,Closed
RISK000575,CUST00575,2026-05-07,Low,13.56,12.7,25,12.14,26.48,17.29,,Closed
RISK000576,CUST00576,2024-01-19,Medium,91.89,38.66,25,44.31,7.33,43.01,,Closed
RISK000577,CUST00577,2026-08-25,Low,19.19,25.19,55,15.32,41.12,30.37,,Closed
RISK000578,CUST00578,2025-12-20,Low,6.63,31.68,25,29.51,33.21,25.13,,Closed
RISK000579,CUST00579,2025-11-20,Low,28.53,30.44,55,34.93,22.48,34.67,,Closed
RISK000580,CUST00580,2024-05-05,Low,5.43,25.0,25,43.79,28.77,25.41,,Closed
RISK000581,CUST00581,2025-11-25,Low,31.27,23.8,55,32.22,14.87,31.88,,Closed
RISK000582,CUST00582,2024-08-08,Low,32.92,43.35,25,32.74,21.26,32.16,,Closed
RISK000583,CUST00583,2025-06-29,Low,21.72,21.56,25,36.36,29.5,26.43,,Closed
RISK000584,CUST00584,2024-04-30,Low,79.31,16.31,25,34.22,34.07,36.89,,Closed
RISK000585,CUST00585,2024-08-01,Low,70.27,31.27,55,13.56,10.32,37.13,,Closed
RISK000586,CUST00586,2026-03-12,Low,15.47,21.78,80,41.18,42.67,39.18,,Closed
RISK000587,CUST00587,2024-05-15,Low,6.06,18.97,25,37.08,16.5,20.85,,Closed
RISK000588,CUST00588,2024-02-23,Low,20.68,23.34,25,17.74,18.63,21.31,,Closed
RISK000589,CUST00589,2025-09-22,Low,14.77,39.36,25,10.22,24.1,23.45,,Closed
RISK000590,CUST00590,2024-12-15,Low,39.55,33.6,25,37.16,9.15,30.11,,Closed
RISK000591,CUST00591,2024-11-21,Low,38.24,40.34,25,11.51,10.1,26.55,,Closed
RISK000592,CUST00592,2026-02-14,Low,34.16,17.1,25,10.12,13.71,20.19,,Closed
RISK000593,CUST00593,2026-11-15,Medium,79.11,27.95,55,43.42,11.07,44.15,,Closed
RISK000594,CUST00594,2025-04-16,Low,20.17,34.0,25,29.18,17.2,25.95,,Closed
RISK000595,CUST00595,2026-04-11,Low,26.82,12.33,80,20.13,22.32,31.82,,Closed
RISK000596,CUST00596,2026-10-11,Low,26.77,16.93,25,27.81,9.31,21.54,,Closed
RISK000597,CUST00597,2025-06-27,Low,17.6,24.27,80,18.94,6.4,30.34,,Closed
RISK000598,CUST00598,2024-11-03,Low,14.06,19.6,55,33.03,29.41,29.73,,Closed
RISK000599,CUST00599,2024-05-16,Low,91.13,13.93,25,30.83,34.77,38.09,,Closed
RISK000600,CUST00600,2024-10-29,Low,11.29,26.9,25,11.79,40.4,22.4,,Closed
RISK000601,CUST00601,2026-10-20,Low,64.67,40.47,25,31.9,6.27,35.37,,Closed
RISK000602,CUST00602,2024-09-15,Low,13.67,28.99,55,30.44,22.22,30.4,,Closed
RISK000603,CUST00603,2024-01-08,Low,28.14,41.68,55,24.44,5.48,32.76,,Closed
RISK000604,CUST00604,2025-03-09,Low,9.62,16.88,55,10.51,24.47,22.92,,Closed
RISK000605,CUST00605,2024-08-20,Low,76.41,33.19,25,10.75,30.13,35.25,,Closed
RISK000606,CUST00606,2025-09-29,Low,24.49,21.71,25,14.78,10.71,19.89,,Closed
RISK000607,CUST00607,2024-07-27,Low,29.14,34.51,25,27.74,29.72,29.46,,Closed
RISK000608,CUST00608,2025-11-17,Low,24.19,13.86,25,14.03,39.72,22.07,,Closed
RISK000609,CUST00609,2024-06-24,Low,12.9,30.66,25,40.58,42.08,29.67,,Closed
RISK000610,CUST00610,2025-07-28,Low,12.37,16.53,25,19.13,32.92,20.37,,Closed
RISK000611,CUST00611,2025-02-08,Low,15.81,41.32,25,34.6,42.29,31.76,,Closed
RISK000612,CUST00612,2025-10-15,Low,75.97,23.88,25,34.47,27.61,37.2,,Closed
RISK000613,CUST00613,2025-01-02,Low,36.07,24.53,25,18.23,11.82,23.77,,Closed
RISK000614,CUST00614,2026-07-13,Low,21.64,34.41,25,30.88,44.49,30.78,,Closed
RISK000615,CUST00615,2025-01-17,Low,22.4,13.62,80,18.73,7.62,28.77,,Closed
RISK000616,CUST00616,2025-10-24,Low,32.22,11.84,25,41.34,16.49,25.14,,Closed
RISK000617,CUST00617,2024-01-04,Low,18.68,38.96,25,40.96,40.99,32.82,,Closed
RISK000618,CUST00618,2026-02-10,Low,28.45,31.73,25,19.79,13.69,24.63,,Closed
RISK000619,CUST00619,2026-05-03,Low,28.67,35.07,25,32.42,37.66,31.63,,Closed
RISK000620,CUST00620,2024-04-23,Low,25.71,30.05,25,19.79,42.77,28.03,,Closed
RISK000621,CUST00621,2026-04-18,Low,27.76,17.52,25,23.73,27.03,23.73,,Closed
RISK000622,CUST00622,2025-02-11,Low,30.0,23.03,25,38.11,33.11,29.34,,Closed
RISK000623,CUST00623,2024-03-20,Low,32.49,10.69,25,10.95,26.69,20.36,,Closed
RISK000624,CUST00624,2025-10-17,Low,12.84,18.67,25,33.59,9.0,20.3,,Closed
RISK000625,CUST00625,2026-07-09,Low,5.82,32.44,25,24.53,30.98,23.83,,Closed
RISK000626,CUST00626,2025-06-28,Low,12.07,23.46,25,12.81,13.81,17.91,,Closed
RISK000627,CUST00627,2025-01-30,Low,14.68,16.37,25,14.57,18.17,17.67,,Closed
RISK000628,CUST00628,2025-07-07,Low,17.24,43.89,25,39.6,17.66,29.99,,Closed
RISK000629,CUST00629,2025-05-29,Low,18.63,18.24,25,10.73,9.74,16.89,,Closed
RISK000630,CUST00630,2026-09-20,Low,22.92,26.61,25,20.78,40.35,26.45,,Closed
RISK000631,CUST00631,2025-12-11,Low,15.03,14.66,80,38.16,32.42,35.17,,Closed
RISK000632,CUST00632,2025-12-31,Low,22.63,12.83,25,38.7,31.95,25.26,,Closed
RISK000633,CUST00633,2024-08-15,Low,44.02,19.98,25,13.43,37.16,27.06,,Closed
RISK000634,CUST00634,2024-07-01,Low,20.9,36.49,25,44.88,37.23,32.86,,Closed
RISK000635,CUST00635,2024-10-28,Low,53.04,12.77,25,28.48,39.97,30.49,,Closed
RISK000636,CUST00636,2026-04-22,Low,29.55,21.15,25,39.55,7.83,25.28,,Closed
RISK000637,CUST00637,2026-03-19,Low,22.71,32.46,25,43.73,44.41,33.06,,Closed
RISK000638,CUST00638,2024-10-02,Low,22.26,38.91,25,41.24,9.42,28.84,,Closed
RISK000639,CUST00639,2026-05-06,Low,10.9,32.24,25,36.05,41.6,28.69,,Closed
RISK000640,CUST00640,2025-01-29,Low,32.88,14.99,25,13.13,29.34,22.35,,Closed
RISK000641,CUST00641,2026-03-22,Medium,89.2,26.38,55,14.99,15.15,40.71,,Closed
RISK000642,CUST00642,2025-12-28,Low,22.11,44.74,55,31.04,31.73,37.58,,Closed
RISK000643,CUST00643,2026-11-16,Low,40.73,22.65,25,31.02,8.16,26.24,,Closed
RISK000644,CUST00644,2024-08-08,Medium,50.09,19.86,80,28.11,37.67,42.26,,Closed
RISK000645,CUST00645,2025-09-26,Low,13.07,10.52,55,39.98,14.15,26.36,,Closed
RISK000646,CUST00646,2024-04-27,Low,22.14,24.34,25,19.33,13.89,21.46,,Closed
RISK000647,CUST00647,2026-10-25,Low,24.05,42.03,25,19.87,34.41,29.45,,Closed
RISK000648,CUST00648,2024-04-06,Low,27.17,39.27,25,34.09,39.0,32.92,,Closed
RISK000649,CUST00649,2026-04-10,Low,20.22,31.2,25,43.27,11.69,27.25,,Closed
RISK000650,CUST00650,2026-08-17,Low,10.12,27.58,55,44.79,40.82,35.0,,Closed
RISK000651,CUST00651,2024-01-01,Low,11.75,27.94,25,28.07,11.66,21.7,,Closed
RISK000652,CUST00652,2025-01-02,Low,30.23,41.25,25,12.37,24.02,27.44,,Closed
RISK000653,CUST00653,2025-12-24,Low,53.26,15.14,25,40.85,16.47,30.08,,Closed
RISK000654,CUST00654,2024-04-14,Low,12.22,13.09,25,40.72,19.2,21.74,,Closed
RISK000655,CUST00655,2025-09-15,Low,18.33,39.57,25,24.69,34.72,28.71,,Closed
RISK000656,CUST00656,2024-12-21,Low,20.19,20.58,80,10.91,7.58,28.5,,Closed
RISK000657,CUST00657,2024-03-17,Low,7.08,41.39,55,38.69,35.22,35.78,,Closed
RISK000658,CUST00658,2026-09-23,Low,23.18,24.77,55,21.81,20.34,29.24,,Closed
RISK000659,CUST00659,2024-10-23,Low,13.38,41.13,25,13.57,12.85,22.6,,Closed
RISK000660,CUST00660,2025-02-28,Low,32.53,29.59,25,22.4,13.75,25.45,,Closed
RISK000661,CUST00661,2025-08-14,Low,12.95,17.66,25,33.26,11.57,20.39,,Closed
RISK000662,CUST00662,2024-02-09,Medium,29.02,27.71,80,32.76,43.55,41.82,,Closed
RISK000663,CUST00663,2024-04-25,Low,17.46,12.6,25,44.7,38.71,26.39,,Closed
RISK000664,CUST00664,2025-08-26,Low,14.96,38.67,25,20.8,42.28,28.16,,Closed
RISK000665,CUST00665,2024-09-22,Low,6.95,27.34,55,35.04,43.51,32.76,,Closed
RISK000666,CUST00666,2025-06-21,Low,70.22,14.2,25,16.17,23.52,29.36,,Closed
RISK000667,CUST00667,2025-01-06,Low,24.41,35.87,25,38.66,7.01,27.63,,Closed
RISK000668,CUST00668,2024-03-03,Low,71.46,25.88,25,29.59,28.12,35.9,,Closed
RISK000669,CUST00669,2026-03-18,Low,35.96,20.3,25,26.04,18.12,25.19,,Closed
RISK000670,CUST00670,2026-05-22,Low,23.29,30.43,80,15.93,37.71,37.11,,Closed
RISK000671,CUST00671,2025-08-31,Low,27.06,15.47,25,40.1,24.51,25.98,,Closed
RISK000672,CUST00672,2024-02-08,Low,23.33,36.66,80,42.73,5.15,39.15,,Closed
RISK000673,CUST00673,2026-08-20,Low,52.62,26.84,55,15.46,24.35,34.98,,Closed
RISK000674,CUST00674,2026-01-14,Low,12.71,40.31,25,38.47,15.3,27.61,,Closed
RISK000675,CUST00675,2024-04-03,Low,12.82,31.85,55,22.31,38.4,31.75,,Closed
RISK000676,CUST00676,2024-06-26,Medium,91.83,19.18,55,37.86,25.94,45.62,,Closed
RISK000677,CUST00677,2025-09-07,Medium,91.34,32.49,25,31.35,37.39,43.27,,Closed
RISK000678,CUST00678,2026-01-08,Low,16.56,39.59,25,23.76,29.79,27.43,,Closed
RISK000679,CUST00679,2024-01-04,Low,20.1,31.73,55,11.76,40.64,31.4,,Closed
RISK000680,CUST00680,2025-08-10,Low,34.8,40.73,25,31.85,31.88,33.29,,Closed
RISK000681,CUST00681,2025-05-05,Low,26.31,12.16,25,40.78,26.88,25.49,,Closed
RISK000682,CUST00682,2025-10-30,Low,68.51,29.9,25,27.07,6.43,32.55,,Closed
RISK000683,CUST00683,2024-01-15,Low,28.28,44.94,25,37.2,15.44,31.65,,Closed
RISK000684,CUST00684,2025-03-06,Low,25.15,41.57,25,30.32,26.64,30.48,,Closed
RISK000685,CUST00685,2026-11-17,Low,11.2,44.6,25,28.23,5.16,24.81,,Closed
RISK000686,CUST00686,2026-12-08,Low,45.21,39.49,25,33.37,30.74,35.2,,Closed
RISK000687,CUST00687,2025-06-06,Low,11.54,33.99,55,30.14,20.38,30.89,,Closed
RISK000688,CUST00688,2026-03-15,Low,34.51,34.19,25,31.66,36.89,32.32,,Closed
RISK000689,CUST00689,2026-03-07,Low,8.8,23.17,25,35.21,36.47,25.07,,Closed
RISK000690,CUST00690,2024-04-12,Low,22.53,18.1,25,12.34,12.37,18.36,,Closed
RISK000691,CUST00691,2024-01-02,Low,14.31,11.48,25,14.12,19.36,16.46,,Closed
RISK000692,CUST00692,2024-11-24,Low,18.27,41.09,25,18.2,25.82,26.44,,Closed
RISK000693,CUST00693,2025-12-28,Low,36.22,36.87,25,28.17,38.01,32.8,,Closed
RISK000694,CUST00694,2024-05-11,Low,24.34,14.34,25,32.49,12.54,21.83,,Closed
RISK000695,CUST00695,2025-07-22,Medium,93.4,31.48,25,34.21,35.8,43.76,,Closed
RISK000696,CUST00696,2024-03-06,Medium,33.55,41.45,80,28.4,19.01,41.6,,Closed
RISK000697,CUST00697,2026-07-20,Low,11.06,25.82,25,40.86,31.45,26.55,,Closed
RISK000698,CUST00698,2025-08-17,Low,5.77,36.44,25,27.04,15.75,23.03,,Closed
RISK000699,CUST00699,2026-09-19,Low,20.08,22.81,25,37.45,6.94,23.25,,Closed
RISK000700,CUST00700,2026-03-21,Low,15.42,32.3,25,42.74,25.88,28.59,,Closed
RISK000701,CUST00701,2024-02-24,Low,12.82,27.61,55,24.95,12.75,27.37,,Closed
RISK000702,CUST00702,2024-04-19,Low,16.96,20.32,25,27.15,24.11,22.52,,Closed
RISK000703,CUST00703,2025-01-24,Low,17.95,37.33,25,12.02,43.37,26.83,,Closed
RISK000704,CUST00704,2026-01-13,Low,27.37,29.6,25,34.32,32.01,29.54,,Closed
RISK000705,CUST00705,2026-08-01,Low,26.22,30.17,25,33.52,8.87,25.82,,Closed
RISK000706,CUST00706,2024-07-04,Low,55.06,42.63,25,30.25,10.55,34.3,,Closed
RISK000707,CUST00707,2024-08-28,Low,13.82,18.75,25,16.55,43.68,22.31,,Closed
RISK000708,CUST00708,2025-10-28,Low,25.09,44.03,55,11.93,26.95,33.45,,Closed
RISK000709,CUST00709,2026-02-09,Low,18.15,30.33,25,20.28,7.46,21.39,,Closed
RISK000710,CUST00710,2025-06-13,Low,24.62,30.64,25,13.73,28.6,24.62,,Closed
RISK000711,CUST00711,2026-07-23,Low,28.89,43.27,25,26.6,40.34,32.97,,Closed
RISK000712,CUST00712,2026-11-10,Medium,93.8,33.42,25,16.96,33.34,40.51,,Closed
RISK000713,CUST00713,2025-06-30,Low,5.59,30.33,25,23.7,10.69,20.04,,Closed
RISK000714,CUST00714,2025-05-21,Low,15.82,28.36,25,17.91,21.58,22.07,,Closed
RISK000715,CUST00715,2025-12-28,Low,14.02,35.6,80,43.41,6.71,37.39,,Closed
RISK000716,CUST00716,2024-04-28,Medium,32.15,35.82,80,38.71,14.3,41.27,,Closed
RISK000717,CUST00717,2025-08-17,Low,16.74,32.12,25,11.03,11.38,20.29,,Closed
RISK000718,CUST00718,2024-10-01,Low,90.97,21.55,25,10.97,33.83,35.85,,Closed
RISK000719,CUST00719,2025-05-08,Low,6.27,40.88,80,19.98,18.4,34.23,,Closed
RISK000720,CUST00720,2026-05-07,Medium,84.12,38.7,25,34.1,40.29,44.36,,Closed
RISK000721,CUST00721,2025-06-05,Low,27.32,36.17,80,22.22,11.61,36.69,,Closed
RISK000722,CUST00722,2025-06-18,Low,19.74,10.86,25,23.92,43.14,22.92,,Closed
RISK000723,CUST00723,2024-07-03,Low,29.62,11.58,55,30.25,32.6,30.76,,Closed
RISK000724,CUST00724,2025-03-22,Low,14.99,25.16,25,27.06,33.76,24.76,,Closed
RISK000725,CUST00725,2024-09-07,Low,31.78,17.43,25,23.29,28.22,24.6,,Closed
RISK000726,CUST00726,2025-11-20,Low,13.07,10.64,25,17.88,6.23,14.78,,Closed
RISK000727,CUST00727,2024-09-22,Low,9.49,27.79,55,19.32,26.23,27.64,,Closed
RISK000728,CUST00728,2026-01-29,Low,9.69,29.8,25,39.3,32.65,27.15,,Closed
RISK000729,CUST00729,2024-08-03,Low,25.44,13.52,25,33.26,31.42,24.83,,Closed
RISK000730,CUST00730,2026-04-15,Low,19.78,30.6,25,36.59,7.48,25.04,,Closed
RISK000731,CUST00731,2024-02-26,Low,74.82,34.45,55,17.48,11.03,39.73,,Closed
RISK000732,CUST00732,2026-08-04,Low,23.78,28.75,80,36.84,17.77,37.98,,Closed
RISK000733,CUST00733,2026-09-12,Low,27.86,14.95,25,23.93,7.11,20.16,,Closed
RISK000734,CUST00734,2024-09-20,Low,24.42,25.05,25,14.39,43.06,25.48,,Closed
RISK000735,CUST00735,2024-06-04,Low,32.39,44.56,55,20.81,13.47,34.8,,Closed
RISK000736,CUST00736,2024-10-06,Low,5.42,21.65,25,28.99,32.52,22.17,,Closed
RISK000737,CUST00737,2024-05-02,Low,23.85,39.6,55,32.7,35.71,37.57,,Closed
RISK000738,CUST00738,2025-08-24,Low,30.97,37.93,80,15.41,20.09,37.77,,Closed
RISK000739,CUST00739,2024-04-23,Low,81.87,30.0,25,31.47,21.11,38.34,,Closed
RISK000740,CUST00740,2026-11-22,Low,26.68,37.89,25,36.4,34.68,32.29,,Closed
RISK000741,CUST00741,2024-12-22,Low,24.46,31.64,80,28.25,12.67,36.35,,Closed
RISK000742,CUST00742,2025-04-12,Low,21.47,23.48,25,16.36,36.64,23.93,,Closed
RISK000743,CUST00743,2026-02-19,Low,61.63,36.44,25,34.68,11.29,35.07,,Closed
RISK000744,CUST00744,2026-04-30,Low,21.74,25.74,25,11.97,32.63,23.07,,Closed
RISK000745,CUST00745,2024-03-20,Low,39.97,22.87,55,44.77,21.09,36.83,,Closed
RISK000746,CUST00746,2025-01-01,Low,7.55,11.09,25,15.77,12.23,14.27,,Closed
RISK000747,CUST00747,2026-10-02,Low,12.04,30.39,25,36.44,13.35,24.3,,Closed
RISK000748,CUST00748,2025-01-27,Low,22.07,10.87,80,20.45,29.68,31.67,,Closed
RISK000749,CUST00749,2025-07-07,Low,24.83,22.13,25,23.12,29.94,24.61,,Closed
RISK000750,CUST00750,2026-09-10,Low,40.4,14.11,25,23.61,6.23,22.26,,Closed
RISK000751,CUST00751,2026-10-03,Low,18.2,30.97,25,34.13,37.05,28.77,,Closed
RISK000752,CUST00752,2025-05-12,Low,23.29,23.77,25,30.83,32.95,26.71,,Closed
RISK000753,CUST00753,2024-09-10,Low,34.43,41.08,25,35.44,10.95,30.89,,Closed
RISK000754,CUST00754,2024-03-31,Low,8.86,42.43,25,22.54,17.93,24.58,,Closed
RISK000755,CUST00755,2026-02-09,Low,33.46,30.51,25,28.53,30.85,29.65,,Closed
RISK000756,CUST00756,2025-08-05,Low,18.04,34.45,55,18.56,41.21,33.12,,Closed
RISK000757,CUST00757,2024-08-02,Low,30.43,27.22,25,26.37,41.36,29.37,,Closed
RISK000758,CUST00758,2026-05-29,Low,5.24,22.14,80,20.49,36.2,32.11,,Closed
RISK000759,CUST00759,2025-03-22,Medium,37.66,40.62,80,31.89,30.94,44.71,,Closed
RISK000760,CUST00760,2024-09-08,Low,13.77,20.59,25,20.41,8.2,18.21,,Closed
RISK000761,CUST00761,2024-02-27,Low,20.99,31.43,25,13.07,30.86,24.3,,Closed
RISK000762,CUST00762,2025-09-13,Low,16.13,44.7,55,30.29,6.03,32.36,,Closed
RISK000763,CUST00763,2024-10-25,Low,18.01,17.03,25,30.13,21.92,22.18,,Closed
RISK000764,CUST00764,2025-06-13,Low,5.91,36.86,25,41.34,9.93,25.16,,Closed
RISK000765,CUST00765,2026-01-06,Low,46.31,27.54,25,12.39,25.02,27.38,,Closed
RISK000766,CUST00766,2025-12-11,Low,7.29,31.06,25,15.81,25.48,21.21,,Closed
RISK000767,CUST00767,2026-07-21,Low,23.06,23.47,25,14.78,21.97,21.73,,Closed
RISK000768,CUST00768,2026-05-08,Low,7.83,40.85,55,31.16,25.34,32.81,,Closed
RISK000769,CUST00769,2026-01-31,Low,31.41,32.04,25,10.65,28.38,25.68,,Closed
RISK000770,CUST00770,2026-03-03,Low,15.48,44.26,25,32.89,24.92,29.48,,Closed
RISK000771,CUST00771,2025-02-26,Low,20.39,26.01,25,27.95,18.51,23.95,,Closed
RISK000772,CUST00772,2026-12-15,Medium,55.91,41.16,55,28.46,19.05,41.02,,Closed
RISK000773,CUST00773,2026-07-30,Low,11.34,10.32,80,29.7,17.6,29.43,,Closed
RISK000774,CUST00774,2025-02-10,Low,8.59,42.49,25,37.11,30.8,29.38,,Closed
RISK000775,CUST00775,2026-09-16,Low,25.5,28.53,25,44.68,39.91,32.16,,Closed
RISK000776,CUST00776,2024-06-12,Low,66.99,27.8,25,31.58,17.16,34.24,,Closed
RISK000777,CUST00777,2024-11-05,Low,30.23,33.98,25,44.87,41.08,34.68,,Closed
RISK000778,CUST00778,2025-11-23,Low,31.7,16.9,25,44.54,44.0,31.07,,Closed
RISK000779,CUST00779,2024-08-05,Medium,27.26,43.92,80,29.55,17.37,40.95,,Closed
RISK000780,CUST00780,2025-01-24,Low,13.0,22.45,25,39.96,36.68,26.71,,Closed
RISK000781,CUST00781,2024-12-13,Low,45.04,25.15,55,37.15,25.01,37.48,,Closed
RISK000782,CUST00782,2024-02-20,Low,25.31,27.7,25,13.43,34.6,24.86,,Closed
RISK000783,CUST00783,2026-08-22,Low,34.45,10.82,25,17.36,44.51,24.74,,Closed
RISK000784,CUST00784,2025-07-04,Low,27.94,39.96,55,39.21,5.48,35.24,,Closed
RISK000785,CUST00785,2025-12-27,Low,53.8,17.74,25,17.27,9.16,25.02,,Closed
RISK000786,CUST00786,2024-05-09,Low,31.02,37.47,25,34.32,13.83,29.51,,Closed
RISK000787,CUST00787,2026-10-30,Low,50.92,24.27,25,28.55,17.2,29.54,,Closed
RISK000788,CUST00788,2026-06-24,Low,24.81,36.41,25,16.24,19.2,25.19,,Closed
RISK000789,CUST00789,2024-03-24,Low,10.75,33.76,25,35.29,5.37,23.45,,Closed
RISK000790,CUST00790,2024-06-08,Low,21.65,22.96,55,21.26,31.56,30.06,,Closed
RISK000791,CUST00791,2024-01-29,Low,29.11,14.05,25,36.48,17.2,24.21,,Closed
RISK000792,CUST00792,2026-06-12,Low,21.61,31.54,25,13.16,34.91,25.08,,Closed
RISK000793,CUST00793,2024-08-09,Low,45.73,38.65,25,40.64,41.37,38.14,,Closed
RISK000794,CUST00794,2024-08-16,Low,22.48,35.05,25,15.44,12.62,23.24,,Closed
RISK000795,CUST00795,2025-06-29,Low,17.94,20.49,55,26.92,11.34,26.79,,Closed
RISK000796,CUST00796,2024-03-07,Low,21.92,18.32,25,33.7,17.65,23.35,,Closed
RISK000797,CUST00797,2025-11-25,Low,22.66,13.76,55,44.33,10.96,29.48,,Closed
RISK000798,CUST00798,2025-02-17,Low,12.51,38.55,25,19.92,5.9,22.01,,Closed
RISK000799,CUST00799,2026-05-19,Low,38.95,16.89,25,21.91,24.03,25.0,,Closed
RISK000800,CUST00800,2026-07-29,Low,39.94,39.39,25,11.92,10.31,26.77,,Closed
RISK000801,CUST00801,2024-02-04,Low,34.61,11.37,25,20.99,38.32,24.71,,Closed
RISK000802,CUST00802,2026-10-03,Low,14.22,31.71,80,40.65,32.2,39.73,,Closed
RISK000803,CUST00803,2026-05-08,Low,42.92,25.64,25,12.9,8.69,23.88,,Closed
RISK000804,CUST00804,2025-02-11,Low,86.9,30.48,25,24.36,10.41,36.43,,Closed
RISK000805,CUST00805,2026-05-14,Low,33.58,12.08,25,25.56,40.39,25.91,,Closed
RISK000806,CUST00806,2025-06-03,Low,33.6,16.18,25,11.87,31.34,22.84,,Closed
RISK000807,CUST00807,2026-09-09,Low,57.43,35.67,25,15.1,23.16,31.9,,Closed
RISK000808,CUST00808,2026-08-20,Low,10.02,33.73,25,22.97,36.19,25.46,,Closed
RISK000809,CUST00809,2026-04-02,Low,9.25,30.99,55,36.41,23.87,31.46,,Closed
RISK000810,CUST00810,2024-12-04,Low,24.31,31.63,25,24.58,31.64,27.43,,Closed
RISK000811,CUST00811,2024-04-29,Low,14.37,23.86,25,42.39,15.41,24.63,,Closed
RISK000812,CUST00812,2024-02-08,Low,9.12,34.81,25,31.13,12.39,23.61,,Closed
RISK000813,CUST00813,2026-02-03,Low,38.47,20.74,25,25.74,12.24,24.86,,Closed
RISK000814,CUST00814,2025-03-23,Low,19.34,29.46,25,33.55,11.23,24.63,,Closed
RISK000815,CUST00815,2024-04-14,Low,5.71,11.46,25,17.86,17.3,15.17,,Closed
RISK000816,CUST00816,2026-02-25,Low,22.51,10.95,25,17.52,5.5,16.57,,Closed
RISK000817,CUST00817,2026-11-29,Low,11.35,23.77,25,11.18,16.1,17.86,,Closed
RISK000818,CUST00818,2025-03-03,Low,17.09,40.38,80,21.47,41.05,39.96,,Closed
RISK000819,CUST00819,2026-06-18,Medium,73.48,29.44,25,44.57,33.3,40.97,,Closed
RISK000820,CUST00820,2026-05-09,Low,29.95,37.22,25,12.82,22.35,26.21,,Closed
RISK000821,CUST00821,2026-10-07,Medium,84.47,28.06,25,38.98,29.74,41.17,,Closed
RISK000822,CUST00822,2026-08-16,Low,17.94,16.77,55,12.6,32.58,26.19,,Closed
RISK000823,CUST00823,2024-11-01,Low,8.43,18.67,80,25.68,24.52,31.17,,Closed
RISK000824,CUST00824,2024-09-03,Low,8.85,18.72,25,12.76,42.19,20.33,,Closed
RISK000825,CUST00825,2025-12-24,Low,17.07,34.92,25,31.81,5.69,24.36,,Closed
RISK000826,CUST00826,2025-12-27,Low,34.4,39.24,25,30.21,26.43,31.69,,Closed
RISK000827,CUST00827,2024-08-11,Low,5.77,33.19,25,18.73,21.67,21.45,,Closed
RISK000828,CUST00828,2025-04-02,Low,23.96,15.8,25,39.48,22.27,24.98,,Closed
RISK000829,CUST00829,2026-02-08,Low,13.29,10.79,25,29.04,19.65,19.11,,Closed
RISK000830,CUST00830,2024-08-22,Low,28.57,17.01,25,20.11,12.57,20.87,,Closed
RISK000831,CUST00831,2024-02-11,Low,18.22,12.9,25,36.7,11.15,20.88,,Closed
RISK000832,CUST00832,2024-12-08,Low,26.01,14.71,25,26.19,43.28,25.61,,Closed
RISK000833,CUST00833,2025-11-07,Low,8.14,43.29,25,38.09,35.19,30.35,,Closed
RISK000834,CUST00834,2026-07-24,Low,31.23,32.65,25,37.86,35.83,32.35,,Closed
RISK000835,CUST00835,2024-06-19,Low,6.83,43.74,25,16.04,34.0,25.61,,Closed
RISK000836,CUST00836,2025-09-25,Low,5.59,39.97,25,21.14,30.3,24.88,,Closed
RISK000837,CUST00837,2024-08-18,Low,10.26,37.28,55,41.64,7.94,31.89,,Closed
RISK000838,CUST00838,2025-01-24,Low,24.37,34.51,25,43.83,35.26,32.56,,Closed
RISK000839,CUST00839,2024-10-27,Low,54.5,41.59,25,29.65,23.28,35.72,,Closed
RISK000840,CUST00840,2024-11-09,Low,10.55,20.15,25,20.43,35.02,21.49,,Closed
RISK000841,CUST00841,2024-01-15,Low,15.21,14.99,25,42.17,18.91,23.06,,Closed
RISK000842,CUST00842,2026-07-06,Low,11.96,40.01,25,27.83,26.53,26.94,,Closed
RISK000843,CUST00843,2025-03-08,Low,16.69,23.32,25,42.79,9.1,24.09,,Closed
RISK000844,CUST00844,2024-06-17,Low,16.65,23.47,25,18.3,7.51,18.98,,Closed
RISK000845,CUST00845,2025-05-26,Low,12.5,24.35,80,13.69,28.9,31.66,,Closed
RISK000846,CUST00846,2024-01-05,Low,21.13,44.99,25,21.86,6.49,25.82,,Closed
RISK000847,CUST00847,2025-12-04,Low,10.6,15.0,25,28.67,12.99,18.55,,Closed
RISK000848,CUST00848,2024-12-27,Medium,17.23,42.99,55,41.15,44.91,40.16,,Closed
RISK000849,CUST00849,2026-07-02,Low,10.34,21.78,25,23.68,34.43,22.41,,Closed
RISK000850,CUST00850,2024-04-15,Low,10.05,42.88,25,37.98,21.36,28.53,,Closed
RISK000851,CUST00851,2025-02-27,Low,40.77,28.39,25,11.41,30.88,27.16,,Closed
RISK000852,CUST00852,2026-09-09,Low,31.6,22.25,25,39.36,13.48,26.78,,Closed
RISK000853,CUST00853,2026-10-28,Low,36.91,37.46,25,37.87,24.1,32.94,,Closed
RISK000854,CUST00854,2024-10-28,Low,62.71,38.75,25,30.92,21.84,36.69,,Closed
RISK000855,CUST00855,2024-07-10,Low,46.93,11.52,25,22.09,19.5,24.61,,Closed
RISK000856,CUST00856,2024-12-18,Low,73.36,18.38,25,42.6,5.89,33.67,,Closed
RISK000857,CUST00857,2024-07-16,Low,19.01,44.78,55,16.23,8.71,30.55,,Closed
RISK000858,CUST00858,2025-08-03,Low,16.57,16.19,80,12.93,28.31,30.19,,Closed
RISK000859,CUST00859,2025-11-15,Low,27.74,18.12,55,31.98,28.3,31.72,,Closed
RISK000860,CUST00860,2024-04-30,Low,31.01,42.39,25,32.51,35.27,33.59,,Closed
RISK000861,CUST00861,2025-06-26,Low,59.81,12.11,55,24.37,21.94,34.16,,Closed
RISK000862,CUST00862,2026-05-25,Low,94.46,12.61,25,33.96,7.63,34.98,,Closed
RISK000863,CUST00863,2024-04-21,Low,35.94,11.2,25,15.76,28.8,22.46,,Closed
RISK000864,CUST00864,2024-05-09,Low,27.82,40.18,25,36.04,26.81,31.84,,Closed
RISK000865,CUST00865,2024-10-07,Low,34.03,15.91,25,40.42,15.09,26.13,,Closed
RISK000866,CUST00866,2025-09-22,Low,15.44,22.43,25,44.39,37.89,28.26,,Closed
RISK000867,CUST00867,2024-11-08,Low,46.23,37.51,25,27.19,28.74,33.37,,Closed
RISK000868,CUST00868,2025-09-29,Low,80.61,18.27,25,26.13,9.17,32.29,,Closed
RISK000869,CUST00869,2026-11-03,Low,20.41,28.02,80,41.08,14.6,37.49,,Closed
RISK000870,CUST00870,2025-04-10,Low,16.67,29.98,25,34.31,28.75,27.0,,Closed
RISK000871,CUST00871,2026-11-02,Low,15.08,36.66,25,24.31,10.46,23.61,,Closed
RISK000872,CUST00872,2025-11-19,Low,17.27,10.54,25,14.5,7.56,15.12,,Closed
RISK000873,CUST00873,2025-03-20,Low,29.05,44.26,25,29.69,18.1,30.53,,Closed
RISK000874,CUST00874,2026-08-14,Low,11.83,23.07,80,42.22,19.29,35.47,,Closed
RISK000875,CUST00875,2024-07-06,Medium,74.83,34.72,55,29.67,30.63,45.17,,Closed
RISK000876,CUST00876,2025-01-06,Low,16.86,17.53,55,34.38,28.99,29.98,,Closed
RISK000877,CUST00877,2024-06-09,Low,28.46,38.25,55,13.71,42.94,35.44,,Closed
RISK000878,CUST00878,2026-02-06,Low,28.98,21.09,25,26.46,26.08,25.27,,Closed
RISK000879,CUST00879,2025-06-28,Low,34.86,14.63,25,14.29,43.47,25.01,,Closed
RISK000880,CUST00880,2024-12-01,Low,39.02,24.12,25,10.17,20.82,23.99,,Closed
RISK000881,CUST00881,2025-09-02,Low,6.51,24.15,25,13.86,17.12,17.68,,Closed
RISK000882,CUST00882,2026-09-22,Low,7.56,39.05,25,35.51,38.61,29.17,,Closed
RISK000883,CUST00883,2024-08-11,Low,28.5,36.04,55,24.44,14.8,32.82,,Closed
RISK000884,CUST00884,2025-06-28,Low,29.84,34.6,55,20.01,15.44,31.94,,Closed
RISK000885,CUST00885,2024-05-07,Low,20.36,16.99,25,10.46,29.45,19.83,,Closed
RISK000886,CUST00886,2026-04-30,Low,12.89,12.77,25,38.52,22.84,21.9,,Closed
RISK000887,CUST00887,2025-09-18,Low,30.73,42.61,80,13.53,17.94,38.2,,Closed
RISK000888,CUST00888,2026-01-29,Low,23.56,39.96,25,36.86,32.04,31.88,,Closed
RISK000889,CUST00889,2025-06-11,Low,40.92,25.91,25,21.01,44.95,30.61,,Closed
RISK000890,CUST00890,2025-03-26,Low,40.91,34.61,25,22.68,26.25,30.31,,Closed
RISK000891,CUST00891,2026-08-14,Medium,49.08,21.06,80,36.36,10.96,40.0,,Closed
RISK000892,CUST00892,2026-01-17,Low,24.37,14.39,55,38.29,18.28,29.87,,Closed
RISK000893,CUST00893,2024-10-28,Low,48.31,10.11,25,38.69,14.48,27.1,,Closed
RISK000894,CUST00894,2026-11-29,Low,81.79,19.81,25,13.47,5.52,29.83,,Closed
RISK000895,CUST00895,2025-10-26,Low,14.68,27.03,25,40.31,8.86,24.09,,Closed
RISK000896,CUST00896,2024-12-13,Low,78.18,20.69,25,37.56,14.26,35.46,,Closed
RISK000897,CUST00897,2025-02-03,Low,18.39,16.04,25,42.63,12.64,23.11,,Closed
RISK000898,CUST00898,2026-07-11,Low,63.35,20.13,55,23.95,10.43,35.06,,Closed
RISK000899,CUST00899,2025-08-26,Low,9.41,15.59,25,35.18,11.71,19.57,,Closed
RISK000900,CUST00900,2026-01-29,Low,25.63,29.38,55,22.35,32.5,32.82,,Closed
RISK000901,CUST00901,2026-07-19,Low,8.0,35.06,25,30.73,27.61,25.65,,Closed
RISK000902,CUST00902,2026-11-29,Low,14.07,16.54,25,17.25,24.33,19.05,,Closed
RISK000903,CUST00903,2025-11-18,Low,11.69,36.03,25,38.42,32.68,28.93,,Closed
RISK000904,CUST00904,2025-05-26,Low,12.23,33.12,25,11.68,38.89,23.9,,Closed
RISK000905,CUST00905,2026-08-03,Low,8.81,33.94,25,11.06,9.26,18.85,,Closed
RISK000906,CUST00906,2026-02-14,Low,10.22,42.96,25,30.83,38.91,29.79,,Closed
RISK000907,CUST00907,2024-11-19,Low,22.82,33.94,25,37.14,8.03,26.68,,Closed
RISK000908,CUST00908,2026-11-04,Low,34.33,28.96,25,23.25,31.32,28.46,,Closed
RISK000909,CUST00909,2024-02-20,Low,12.75,14.79,25,27.92,40.23,22.87,,Closed
RISK000910,CUST00910,2024-04-18,Low,28.98,19.41,25,24.66,17.48,23.2,,Closed
RISK000911,CUST00911,2025-03-24,Low,13.16,29.93,25,20.71,24.03,22.86,,Closed
RISK000912,CUST00912,2024-11-06,Low,22.67,37.94,80,14.03,25.04,36.58,,Closed
RISK000913,CUST00913,2024-02-05,Low,16.77,38.94,25,35.13,44.41,31.78,,Closed
RISK000914,CUST00914,2024-04-14,Low,10.69,13.71,25,33.21,31.64,21.95,,Closed
RISK000915,CUST00915,2025-05-15,Low,21.07,35.97,25,37.88,39.73,31.74,,Closed
RISK000916,CUST00916,2025-05-20,Low,20.35,14.85,25,43.16,29.72,25.87,,Closed
RISK000917,CUST00917,2026-11-20,Low,17.21,30.92,25,29.33,24.69,25.74,,Closed
RISK000918,CUST00918,2026-05-03,Low,16.13,20.45,25,24.28,32.22,23.03,,Closed
RISK000919,CUST00919,2025-07-18,Low,29.2,28.57,25,26.89,36.96,28.9,,Closed
RISK000920,CUST00920,2025-12-29,Low,29.06,35.73,25,14.37,43.91,29.21,,Closed
RISK000921,CUST00921,2024-06-25,Low,26.02,33.97,25,41.58,26.51,30.99,,Closed
RISK000922,CUST00922,2024-06-16,Low,12.57,16.4,25,41.34,38.13,25.6,,Closed
RISK000923,CUST00923,2026-03-31,Low,15.82,30.99,25,18.89,41.53,25.92,,Closed
RISK000924,CUST00924,2024-04-23,Low,25.72,11.14,25,21.08,19.34,20.05,,Closed
RISK000925,CUST00925,2025-09-12,Low,6.5,19.37,25,18.32,33.33,19.81,,Closed
RISK000926,CUST00926,2026-02-18,Low,5.84,34.46,25,18.91,31.04,23.22,,Closed
RISK000927,CUST00927,2024-10-08,Low,17.24,36.35,25,19.11,38.54,27.14,,Closed
RISK000928,CUST00928,2024-01-29,Low,9.55,32.69,25,35.05,34.58,27.28,,Closed
RISK000929,CUST00929,2024-04-01,Low,22.55,24.36,25,10.5,35.62,23.04,,Closed
RISK000930,CUST00930,2024-03-17,Medium,18.37,43.3,80,17.31,42.66,40.36,,Closed
RISK000931,CUST00931,2024-07-02,Low,5.84,18.03,80,24.34,44.58,33.23,,Closed
RISK000932,CUST00932,2026-08-02,Medium,29.74,40.29,80,13.29,36.45,40.15,,Closed
RISK000933,CUST00933,2025-09-17,Low,44.23,13.59,25,19.0,40.58,27.13,,Closed
RISK000934,CUST00934,2026-03-31,Low,21.77,19.7,25,24.98,21.4,22.48,,Closed
RISK000935,CUST00935,2024-11-06,Low,24.84,18.01,25,30.19,43.81,27.08,,Closed
RISK000936,CUST00936,2024-05-14,Low,32.98,14.93,25,20.8,20.84,22.62,,Closed
RISK000937,CUST00937,2026-09-20,Low,12.01,43.25,25,35.49,11.99,27.11,,Closed
RISK000938,CUST00938,2025-11-24,Low,20.94,30.0,25,34.37,14.12,25.68,,Closed
RISK000939,CUST00939,2025-03-25,Low,32.86,32.19,25,43.46,28.74,32.62,,Closed
RISK000940,CUST00940,2025-07-05,Low,6.82,21.41,25,12.17,23.69,17.7,,Closed
RISK000941,CUST00941,2026-11-13,Low,69.21,13.84,25,18.51,6.18,26.93,,Closed
RISK000942,CUST00942,2026-06-27,Low,23.17,31.08,25,15.6,36.3,25.97,,Closed
RISK000943,CUST00943,2024-01-04,Medium,81.97,42.34,55,11.34,40.18,46.27,,Closed
RISK000944,CUST00944,2024-11-20,Low,9.32,24.47,25,33.6,7.02,20.75,,Closed
RISK000945,CUST00945,2024-02-20,Low,24.28,13.59,25,16.64,29.58,21.02,,Closed
RISK000946,CUST00946,2025-10-29,Low,12.07,33.89,25,10.52,41.4,24.2,,Closed
RISK000947,CUST00947,2026-09-17,Low,16.52,42.18,25,34.76,35.12,31.07,,Closed
RISK000948,CUST00948,2026-10-28,Low,20.63,34.96,25,44.81,37.7,32.48,,Closed
RISK000949,CUST00949,2024-09-10,Low,32.68,42.41,25,31.96,29.05,32.89,,Closed
RISK000950,CUST00950,2024-04-22,Low,18.4,37.11,25,38.47,39.69,31.6,,Closed
RISK000951,CUST00951,2024-03-07,Low,10.66,17.06,25,32.1,10.16,19.34,,Closed
RISK000952,CUST00952,2025-04-26,Medium,88.32,40.77,25,40.86,8.51,42.31,,Closed
RISK000953,CUST00953,2026-11-12,Low,66.57,26.89,25,37.22,15.06,34.74,,Closed
RISK000954,CUST00954,2024-01-03,Low,15.25,13.68,25,17.52,15.56,17.31,,Closed
RISK000955,CUST00955,2024-07-02,Low,19.82,34.16,25,39.39,6.19,26.31,,Closed
RISK000956,CUST00956,2025-08-05,Low,17.88,26.08,80,31.38,18.04,35.08,,Closed
RISK000957,CUST00957,2026-08-05,Low,11.42,19.92,25,21.31,42.04,22.83,,Closed
RISK000958,CUST00958,2025-06-05,Low,16.93,12.45,80,12.29,39.52,30.88,,Closed
RISK000959,CUST00959,2024-02-25,Low,22.0,13.99,80,16.46,33.41,32.2,,Closed
RISK000960,CUST00960,2024-07-20,Medium,78.56,25.25,80,41.46,6.05,47.23,,Closed
RISK000961,CUST00961,2025-11-12,Low,19.93,39.0,25,29.02,40.63,30.63,,Closed
RISK000962,CUST00962,2024-04-26,Low,21.82,17.45,55,44.88,27.19,32.78,,Closed
RISK000963,CUST00963,2026-03-22,Low,7.0,24.5,25,10.99,33.8,19.79,,Closed
RISK000964,CUST00964,2024-01-14,Low,5.08,40.5,55,23.22,44.18,33.41,,Closed
RISK000965,CUST00965,2024-09-08,Low,6.41,16.48,80,34.75,41.23,34.54,,Closed
RISK000966,CUST00966,2024-08-03,Medium,28.47,39.66,80,26.62,26.21,40.86,,Closed
RISK000967,CUST00967,2024-11-19,Low,30.77,26.46,25,18.49,21.54,24.7,,Closed
RISK000968,CUST00968,2026-10-09,Low,35.38,23.93,55,32.9,12.74,32.55,,Closed
RISK000969,CUST00969,2024-05-03,Low,63.69,28.7,25,40.36,44.08,39.6,,Closed
RISK000970,CUST00970,2026-10-26,Low,55.19,37.5,25,35.74,28.96,36.91,,Closed
RISK000971,CUST00971,2026-05-18,Low,31.93,30.77,25,12.19,37.29,27.11,,Closed
RISK000972,CUST00972,2026-10-21,Low,18.0,37.92,25,12.58,13.85,22.67,,Closed
RISK000973,CUST00973,2024-09-16,Medium,86.46,43.63,25,22.44,33.63,42.73,,Closed
RISK000974,CUST00974,2026-02-14,Low,14.06,33.19,25,24.53,38.51,26.79,,Closed
RISK000975,CUST00975,2024-01-06,Low,5.76,34.64,25,28.89,42.37,26.95,,Closed
RISK000976,CUST00976,2024-09-08,Low,24.05,21.25,55,35.93,27.26,32.4,,Closed
RISK000977,CUST00977,2026-02-18,Medium,79.72,41.86,55,24.82,5.75,43.24,,Closed
RISK000978,CUST00978,2026-01-02,Low,65.49,30.87,25,13.28,16.72,30.98,,Closed
RISK000979,CUST00979,2025-10-10,Low,53.82,17.26,55,10.73,21.27,31.41,,Closed
RISK000980,CUST00980,2026-05-19,Low,26.18,15.06,25,20.64,38.25,23.87,,Closed
RISK000981,CUST00981,2026-04-22,Low,18.43,43.65,25,44.28,10.96,30.1,,Closed
RISK000982,CUST00982,2026-06-01,Low,25.45,33.16,25,30.51,38.7,30.29,,Closed
RISK000983,CUST00983,2026-04-22,Low,21.26,29.96,25,41.46,27.24,29.12,,Closed
RISK000984,CUST00984,2024-01-21,Low,19.53,28.07,55,31.54,35.02,33.48,,Closed
RISK000985,CUST00985,2024-12-23,Low,38.31,11.78,80,26.36,10.02,33.38,,Closed
RISK000986,CUST00986,2026-03-30,Low,17.74,27.61,80,42.46,18.56,37.73,,Closed
RISK000987,CUST00987,2024-08-22,Low,57.88,38.76,25,10.41,29.06,32.71,,Closed
RISK000988,CUST00988,2026-05-18,Low,12.84,36.72,25,27.36,17.3,24.82,,Closed
RISK000989,CUST00989,2026-09-12,Low,20.36,19.48,25,11.46,6.73,17.24,,Closed
RISK000990,CUST00990,2025-09-16,Low,5.08,11.49,55,29.31,11.47,22.47,,Closed
RISK000991,CUST00991,2024-07-25,Low,33.09,13.32,80,18.34,16.86,32.15,,Closed
RISK000992,CUST00992,2026-09-12,Low,18.96,12.54,25,22.47,7.77,17.59,,Closed
RISK000993,CUST00993,2024-01-26,Low,27.78,11.9,25,28.85,12.03,21.11,,Closed
RISK000994,CUST00994,2026-11-05,Medium,69.25,42.58,25,33.04,36.66,41.6,,Closed
RISK000995,CUST00995,2026-10-29,Low,19.72,20.7,80,42.14,22.24,36.88,,Closed
RISK000996,CUST00996,2025-12-10,Low,9.24,16.33,55,18.77,13.0,22.63,,Closed
RISK000997,CUST00997,2025-08-16,Low,13.25,23.2,55,33.93,11.33,27.94,,Closed
RISK000998,CUST00998,2024-02-20,Medium,30.56,42.21,55,42.23,32.46,40.98,,Closed
RISK000999,CUST00999,2024-03-31,Low,6.78,14.18,25,16.89,35.64,18.62,,Closed
RISK001000,CUST01000,2024-09-19,Low,12.38,15.29,25,38.83,25.13,22.83,,Closed
