wallet_id,customer_id,wallet_status,opening_date,current_balance,wallet_tier,daily_transaction_limit,monthly_transaction_limit
WAL000001,CUST00001,Active,2025-04-02,19507.94,Premium,25000,50000
WAL000002,CUST00002,Active,2025-04-21,12135.6,Premium,25000,500000
WAL000003,CUST00003,Active,2025-07-23,9919.29,Premium,10000,250000
WAL000004,CUST00004,Active,2026-02-17,9951.3,Basic,10000,250000
WAL000005,CUST00005,Active,2025-08-23,22247.41,Basic,50000,100000
WAL000006,CUST00006,Active,2024-07-25,19619.04,Standard,50000,50000
WAL000007,CUST00007,Active,2024-12-16,5129.23,Standard,50000,500000
WAL000008,CUST00008,Active,2024-03-06,11429.38,Basic,5000,50000
WAL000009,CUST00009,Active,2026-07-28,17265.08,Basic,10000,50000
WAL000010,CUST00010,Active,2024-10-10,547.97,Basic,25000,250000
WAL000011,CUST00011,Active,2026-02-20,20591.07,Standard,10000,250000
WAL000012,CUST00012,Inactive,2025-08-24,21196.91,Standard,5000,50000
WAL000013,CUST00013,Active,2026-11-05,5699.58,Basic,10000,250000
WAL000014,CUST00014,Active,2024-08-17,7563.16,Standard,10000,50000
WAL000015,CUST00015,Active,2026-12-26,22294.52,Standard,5000,250000
WAL000016,CUST00016,Active,2025-02-15,1544.91,Basic,10000,50000
WAL000017,CUST00017,Active,2024-05-11,11633.53,Premium,10000,250000
WAL000018,CUST00018,Active,2024-05-18,14484.35,Standard,25000,250000
WAL000019,CUST00019,Active,2026-08-26,20640.86,Basic,50000,50000
WAL000020,CUST00020,Suspended,2026-08-14,16719.17,Basic,50000,250000
WAL000021,CUST00021,Closed,2025-01-24,11547.6,Basic,5000,50000
WAL000022,CUST00022,Suspended,2024-07-19,102.84,Basic,25000,500000
WAL000023,CUST00023,Active,2026-09-12,22663.71,Premium,5000,250000
WAL000024,CUST00024,Active,2026-05-16,9318.58,Standard,10000,250000
WAL000025,CUST00025,Active,2025-10-04,21874.72,Basic,10000,50000
WAL000026,CUST00026,Active,2024-05-19,16496.94,Basic,50000,100000
WAL000027,CUST00027,Active,2026-12-06,18755.27,Basic,5000,250000
WAL000028,CUST00028,Active,2024-05-28,12859.47,Standard,5000,500000
WAL000029,CUST00029,Active,2024-05-20,11069.11,Basic,5000,100000
WAL000030,CUST00030,Active,2024-07-31,8494.84,Standard,25000,100000
WAL000031,CUST00031,Active,2025-06-24,6622.7,Basic,50000,500000
WAL000032,CUST00032,Active,2024-09-24,2917.65,Premium,5000,100000
WAL000033,CUST00033,Active,2024-03-14,4704.68,Premium,50000,100000
WAL000034,CUST00034,Active,2025-03-06,17480.82,Premium,5000,500000
WAL000035,CUST00035,Active,2024-12-28,15919.84,Standard,50000,100000
WAL000036,CUST00036,Inactive,2024-08-09,8575.51,Basic,5000,500000
WAL000037,CUST00037,Active,2025-04-11,16017.79,Premium,50000,100000
WAL000038,CUST00038,Active,2026-11-09,3599.87,Standard,50000,250000
WAL000039,CUST00039,Active,2024-08-10,4703.59,Basic,10000,250000
WAL000040,CUST00040,Active,2024-03-31,15288.06,Premium,50000,50000
WAL000041,CUST00041,Active,2024-09-12,6138.1,Standard,25000,500000
WAL000042,CUST00042,Active,2026-02-15,2912.71,Premium,25000,100000
WAL000043,CUST00043,Active,2026-05-30,6258.31,Basic,5000,500000
WAL000044,CUST00044,Inactive,2024-06-22,6421.74,Premium,5000,500000
WAL000045,CUST00045,Active,2024-10-28,7652.87,Premium,5000,50000
WAL000046,CUST00046,Active,2025-05-14,13624.52,Standard,25000,500000
WAL000047,CUST00047,Active,2024-04-12,13427.47,Standard,10000,50000
WAL000048,CUST00048,Active,2026-07-02,884.54,Standard,10000,500000
WAL000049,CUST00049,Active,2026-06-19,17263.1,Premium,25000,100000
WAL000050,CUST00050,Active,2026-02-23,8352.07,Standard,5000,500000
WAL000051,CUST00051,Active,2026-05-10,21622.93,Premium,25000,50000
WAL000052,CUST00052,Inactive,2025-03-27,16445.25,Standard,5000,250000
WAL000053,CUST00053,Active,2024-09-18,942.03,Premium,50000,250000
WAL000054,CUST00054,Active,2024-04-12,24780.53,Basic,25000,100000
WAL000055,CUST00055,Active,2024-06-16,4802.17,Premium,5000,50000
WAL000056,CUST00056,Inactive,2024-03-23,9267.62,Standard,25000,250000
WAL000057,CUST00057,Active,2025-06-08,7488.15,Premium,25000,500000
WAL000058,CUST00058,Active,2024-02-22,3805.99,Standard,5000,50000
WAL000059,CUST00059,Active,2025-09-09,24045.93,Premium,25000,500000
WAL000060,CUST00060,Inactive,2025-11-29,19978.57,Standard,25000,50000
WAL000061,CUST00061,Active,2026-12-04,18398.87,Standard,10000,100000
WAL000062,CUST00062,Active,2025-07-25,4142.43,Premium,50000,250000
WAL000063,CUST00063,Active,2025-03-10,22253.7,Basic,10000,500000
WAL000064,CUST00064,Inactive,2026-04-12,23559.66,Premium,10000,250000
WAL000065,CUST00065,Active,2026-04-08,8274.71,Standard,5000,50000
WAL000066,CUST00066,Suspended,2025-12-21,6899.39,Basic,50000,250000
WAL000067,CUST00067,Active,2025-01-14,1313.33,Premium,5000,500000
WAL000068,CUST00068,Active,2025-04-10,7117.75,Premium,5000,50000
WAL000069,CUST00069,Suspended,2026-10-02,3770.51,Premium,5000,50000
WAL000070,CUST00070,Active,2026-09-05,21281.65,Premium,10000,100000
WAL000071,CUST00071,Inactive,2025-09-14,1173.0,Standard,25000,500000
WAL000072,CUST00072,Active,2025-08-31,21863.99,Premium,5000,100000
WAL000073,CUST00073,Active,2024-06-15,16383.13,Premium,50000,50000
WAL000074,CUST00074,Active,2024-03-07,23794.23,Standard,5000,250000
WAL000075,CUST00075,Active,2024-08-23,4340.14,Basic,25000,500000
WAL000076,CUST00076,Active,2025-09-21,4028.13,Premium,50000,250000
WAL000077,CUST00077,Inactive,2026-10-08,9079.37,Standard,50000,50000
WAL000078,CUST00078,Active,2024-02-12,13517.0,Standard,25000,250000
WAL000079,CUST00079,Active,2026-06-11,16645.48,Basic,10000,50000
WAL000080,CUST00080,Inactive,2026-10-11,508.01,Standard,25000,250000
WAL000081,CUST00081,Active,2026-04-07,14233.8,Standard,5000,50000
WAL000082,CUST00082,Active,2026-06-24,5285.96,Standard,25000,500000
WAL000083,CUST00083,Active,2025-05-05,5338.17,Standard,25000,50000
WAL000084,CUST00084,Active,2024-11-11,21119.92,Standard,5000,100000
WAL000085,CUST00085,Active,2024-10-23,7686.0,Basic,10000,500000
WAL000086,CUST00086,Inactive,2026-11-05,652.07,Basic,50000,100000
WAL000087,CUST00087,Active,2026-02-11,14950.28,Basic,50000,500000
WAL000088,CUST00088,Active,2026-08-26,22931.77,Premium,25000,50000
WAL000089,CUST00089,Active,2024-07-23,10069.97,Premium,25000,500000
WAL000090,CUST00090,Active,2025-06-26,13592.59,Premium,25000,250000
WAL000091,CUST00091,Active,2024-03-14,14660.93,Basic,5000,500000
WAL000092,CUST00092,Active,2024-12-06,14939.95,Basic,50000,500000
WAL000093,CUST00093,Active,2026-12-23,1043.53,Basic,10000,100000
WAL000094,CUST00094,Active,2024-10-20,13840.19,Basic,25000,50000
WAL000095,CUST00095,Active,2024-11-19,16973.14,Basic,5000,50000
WAL000096,CUST00096,Active,2025-02-11,1169.23,Standard,50000,250000
WAL000097,CUST00097,Active,2026-03-21,6227.66,Premium,5000,500000
WAL000098,CUST00098,Active,2025-01-24,653.73,Basic,50000,50000
WAL000099,CUST00099,Inactive,2026-01-17,6337.62,Basic,10000,500000
WAL000100,CUST00100,Suspended,2025-07-12,21071.92,Standard,50000,500000
WAL000101,CUST00101,Suspended,2025-04-07,4127.4,Basic,25000,500000
WAL000102,CUST00102,Active,2025-06-20,3482.54,Standard,50000,100000
WAL000103,CUST00103,Closed,2025-03-29,15551.18,Premium,50000,500000
WAL000104,CUST00104,Active,2024-08-25,10501.68,Basic,25000,250000
WAL000105,CUST00105,Active,2024-07-21,12092.18,Premium,10000,100000
WAL000106,CUST00106,Active,2026-01-12,13063.55,Standard,10000,100000
WAL000107,CUST00107,Inactive,2025-03-10,14834.02,Premium,50000,100000
WAL000108,CUST00108,Inactive,2025-03-18,16288.4,Standard,50000,50000
WAL000109,CUST00109,Active,2024-12-23,12378.66,Premium,10000,100000
WAL000110,CUST00110,Active,2025-06-27,2609.83,Basic,5000,500000
WAL000111,CUST00111,Inactive,2024-08-11,15277.92,Basic,10000,100000
WAL000112,CUST00112,Active,2026-09-07,15748.9,Premium,25000,100000
WAL000113,CUST00113,Active,2024-10-30,2630.54,Standard,50000,250000
WAL000114,CUST00114,Active,2026-05-31,13549.24,Premium,50000,500000
WAL000115,CUST00115,Active,2026-03-27,15076.55,Standard,5000,250000
WAL000116,CUST00116,Suspended,2024-07-05,5667.66,Premium,25000,50000
WAL000117,CUST00117,Active,2025-12-25,22231.1,Basic,50000,100000
WAL000118,CUST00118,Active,2024-08-09,110.95,Basic,25000,500000
WAL000119,CUST00119,Active,2025-01-04,15928.2,Basic,10000,100000
WAL000120,CUST00120,Suspended,2024-03-03,19324.09,Standard,5000,250000
WAL000121,CUST00121,Suspended,2025-10-26,7243.22,Standard,50000,250000
WAL000122,CUST00122,Active,2026-05-18,22664.4,Standard,5000,50000
WAL000123,CUST00123,Active,2025-08-03,14777.96,Premium,50000,100000
WAL000124,CUST00124,Active,2025-03-08,24133.53,Basic,25000,50000
WAL000125,CUST00125,Active,2026-12-26,7583.68,Standard,10000,50000
WAL000126,CUST00126,Active,2024-06-08,841.08,Standard,5000,50000
WAL000127,CUST00127,Active,2024-02-12,3486.61,Standard,25000,100000
WAL000128,CUST00128,Active,2026-03-31,9164.47,Basic,25000,500000
WAL000129,CUST00129,Active,2024-08-21,2051.41,Premium,10000,500000
WAL000130,CUST00130,Active,2025-06-08,24791.3,Premium,10000,250000
WAL000131,CUST00131,Active,2025-10-23,21868.7,Standard,5000,250000
WAL000132,CUST00132,Active,2026-11-05,18931.89,Premium,5000,250000
WAL000133,CUST00133,Active,2026-11-04,3302.58,Basic,25000,500000
WAL000134,CUST00134,Active,2024-11-04,10017.88,Standard,5000,100000
WAL000135,CUST00135,Active,2026-06-15,21848.56,Standard,50000,50000
WAL000136,CUST00136,Active,2025-11-23,7997.66,Basic,5000,500000
WAL000137,CUST00137,Active,2024-11-03,1246.22,Premium,50000,50000
WAL000138,CUST00138,Active,2026-02-10,4521.17,Basic,50000,250000
WAL000139,CUST00139,Active,2025-09-24,9475.14,Premium,10000,250000
WAL000140,CUST00140,Active,2024-07-26,9494.67,Basic,10000,250000
WAL000141,CUST00141,Active,2025-01-05,10681.2,Basic,5000,100000
WAL000142,CUST00142,Active,2026-07-08,5142.75,Basic,5000,50000
WAL000143,CUST00143,Closed,2025-07-31,22604.04,Standard,10000,100000
WAL000144,CUST00144,Active,2026-09-11,21460.73,Basic,5000,250000
WAL000145,CUST00145,Active,2024-10-28,7568.33,Premium,5000,500000
WAL000146,CUST00146,Suspended,2026-02-04,8972.23,Premium,50000,50000
WAL000147,CUST00147,Inactive,2024-03-19,16955.61,Premium,5000,250000
WAL000148,CUST00148,Active,2025-03-17,14254.81,Premium,10000,50000
WAL000149,CUST00149,Active,2024-04-07,678.74,Premium,5000,100000
WAL000150,CUST00150,Active,2025-05-10,5444.23,Standard,10000,500000
WAL000151,CUST00151,Active,2026-01-08,11784.09,Standard,50000,500000
WAL000152,CUST00152,Active,2025-06-03,6432.74,Basic,25000,100000
WAL000153,CUST00153,Active,2025-12-22,16306.02,Standard,5000,250000
WAL000154,CUST00154,Active,2026-07-26,24126.28,Premium,50000,500000
WAL000155,CUST00155,Active,2026-08-27,17443.68,Basic,25000,250000
WAL000156,CUST00156,Active,2026-01-23,16680.88,Standard,25000,250000
WAL000157,CUST00157,Active,2026-11-29,22178.31,Standard,5000,500000
WAL000158,CUST00158,Active,2024-06-12,22589.24,Basic,25000,100000
WAL000159,CUST00159,Active,2026-07-04,11026.48,Premium,25000,250000
WAL000160,CUST00160,Active,2026-11-16,1022.16,Basic,10000,250000
WAL000161,CUST00161,Active,2026-02-23,17731.39,Premium,5000,50000
WAL000162,CUST00162,Active,2024-10-08,1636.75,Standard,25000,100000
WAL000163,CUST00163,Active,2026-11-26,24142.05,Standard,10000,100000
WAL000164,CUST00164,Active,2024-09-08,23456.5,Basic,50000,250000
WAL000165,CUST00165,Inactive,2025-08-17,12548.13,Standard,25000,100000
WAL000166,CUST00166,Active,2026-10-08,16574.1,Premium,5000,50000
WAL000167,CUST00167,Active,2026-03-26,16716.8,Standard,25000,50000
WAL000168,CUST00168,Active,2026-11-25,16080.35,Standard,10000,250000
WAL000169,CUST00169,Active,2024-09-11,15674.0,Premium,5000,250000
WAL000170,CUST00170,Inactive,2024-06-10,10230.49,Standard,50000,250000
WAL000171,CUST00171,Active,2024-12-11,6240.21,Standard,5000,500000
WAL000172,CUST00172,Active,2025-06-26,14820.1,Premium,50000,250000
WAL000173,CUST00173,Active,2026-04-11,16219.35,Basic,5000,500000
WAL000174,CUST00174,Active,2024-10-21,20250.43,Premium,25000,500000
WAL000175,CUST00175,Active,2026-08-13,12889.87,Standard,50000,500000
WAL000176,CUST00176,Active,2024-11-23,3677.73,Premium,25000,100000
WAL000177,CUST00177,Active,2026-10-15,7083.63,Premium,50000,500000
WAL000178,CUST00178,Active,2025-07-30,6330.5,Basic,5000,50000
WAL000179,CUST00179,Active,2026-01-19,5283.54,Standard,50000,500000
WAL000180,CUST00180,Active,2024-05-30,4683.3,Basic,50000,500000
WAL000181,CUST00181,Active,2026-02-03,24980.75,Basic,25000,250000
WAL000182,CUST00182,Active,2024-10-07,3175.88,Basic,10000,500000
WAL000183,CUST00183,Active,2026-03-15,4240.57,Premium,50000,50000
WAL000184,CUST00184,Active,2025-11-09,12791.91,Standard,25000,500000
WAL000185,CUST00185,Active,2026-09-10,12201.14,Standard,25000,250000
WAL000186,CUST00186,Active,2024-02-08,6048.33,Standard,10000,250000
WAL000187,CUST00187,Inactive,2024-10-09,8776.28,Standard,50000,100000
WAL000188,CUST00188,Suspended,2025-12-02,24204.78,Standard,25000,100000
WAL000189,CUST00189,Active,2025-04-05,8246.64,Premium,50000,250000
WAL000190,CUST00190,Active,2026-02-16,13250.39,Premium,5000,50000
WAL000191,CUST00191,Closed,2025-06-09,22306.68,Premium,50000,500000
WAL000192,CUST00192,Suspended,2025-05-05,9840.18,Standard,50000,50000
WAL000193,CUST00193,Active,2026-08-25,16791.5,Basic,5000,500000
WAL000194,CUST00194,Inactive,2025-08-11,9129.47,Basic,25000,500000
WAL000195,CUST00195,Inactive,2024-12-26,11469.83,Premium,50000,500000
WAL000196,CUST00196,Active,2025-08-05,1220.69,Basic,5000,100000
WAL000197,CUST00197,Active,2024-08-18,19276.53,Basic,10000,500000
WAL000198,CUST00198,Active,2025-01-30,10490.52,Standard,5000,100000
WAL000199,CUST00199,Suspended,2024-10-14,7815.5,Standard,50000,100000
WAL000200,CUST00200,Inactive,2024-01-24,22871.86,Basic,25000,50000
WAL000201,CUST00201,Active,2026-10-26,17259.97,Basic,5000,500000
WAL000202,CUST00202,Active,2026-07-20,22112.09,Standard,50000,500000
WAL000203,CUST00203,Active,2026-07-03,7121.82,Standard,50000,250000
WAL000204,CUST00204,Active,2026-12-01,4060.57,Basic,25000,50000
WAL000205,CUST00205,Active,2026-11-17,13998.54,Basic,50000,100000
WAL000206,CUST00206,Active,2024-01-07,18893.72,Premium,10000,50000
WAL000207,CUST00207,Active,2024-03-05,2535.46,Standard,50000,500000
WAL000208,CUST00208,Active,2024-06-13,741.59,Standard,50000,250000
WAL000209,CUST00209,Active,2024-02-16,6186.13,Premium,5000,100000
WAL000210,CUST00210,Active,2024-11-13,14736.28,Standard,5000,500000
WAL000211,CUST00211,Active,2024-05-17,19971.16,Premium,10000,500000
WAL000212,CUST00212,Active,2025-03-20,10833.31,Premium,5000,100000
WAL000213,CUST00213,Active,2024-10-20,629.92,Standard,5000,100000
WAL000214,CUST00214,Active,2024-04-06,22879.37,Premium,5000,500000
WAL000215,CUST00215,Active,2025-01-11,11465.19,Standard,5000,100000
WAL000216,CUST00216,Active,2026-04-25,24172.13,Basic,5000,50000
WAL000217,CUST00217,Active,2026-01-29,11104.14,Standard,25000,100000
WAL000218,CUST00218,Active,2025-03-20,12853.9,Standard,5000,100000
WAL000219,CUST00219,Active,2025-02-22,17606.57,Basic,25000,100000
WAL000220,CUST00220,Active,2026-11-16,17452.3,Basic,25000,500000
WAL000221,CUST00221,Suspended,2025-03-29,11609.38,Premium,25000,50000
WAL000222,CUST00222,Active,2025-05-18,18852.78,Standard,50000,50000
WAL000223,CUST00223,Active,2025-12-22,13710.75,Standard,50000,100000
WAL000224,CUST00224,Active,2024-04-09,18275.31,Premium,50000,500000
WAL000225,CUST00225,Active,2026-02-03,19423.29,Basic,25000,500000
WAL000226,CUST00226,Inactive,2026-04-22,1820.58,Standard,5000,500000
WAL000227,CUST00227,Active,2026-12-09,1392.23,Premium,10000,50000
WAL000228,CUST00228,Active,2026-04-11,13359.4,Standard,5000,50000
WAL000229,CUST00229,Active,2026-02-15,17117.84,Standard,25000,500000
WAL000230,CUST00230,Active,2025-11-09,14088.17,Basic,50000,250000
WAL000231,CUST00231,Active,2025-07-28,24098.57,Standard,10000,100000
WAL000232,CUST00232,Active,2024-10-22,14913.5,Standard,5000,500000
WAL000233,CUST00233,Active,2024-10-13,19136.34,Basic,10000,50000
WAL000234,CUST00234,Active,2026-03-23,15829.52,Standard,10000,50000
WAL000235,CUST00235,Active,2026-02-17,20916.75,Premium,5000,250000
WAL000236,CUST00236,Active,2026-03-08,20.32,Basic,50000,50000
WAL000237,CUST00237,Active,2024-09-28,3507.44,Basic,25000,50000
WAL000238,CUST00238,Active,2025-10-26,5295.3,Premium,25000,250000
WAL000239,CUST00239,Active,2024-10-11,4033.01,Premium,25000,50000
WAL000240,CUST00240,Active,2026-09-18,110.52,Premium,5000,500000
WAL000241,CUST00241,Active,2025-09-15,20702.9,Basic,5000,250000
WAL000242,CUST00242,Active,2024-10-05,12767.98,Basic,25000,100000
WAL000243,CUST00243,Active,2026-10-02,23858.27,Basic,50000,500000
WAL000244,CUST00244,Inactive,2025-02-13,1634.26,Standard,5000,100000
WAL000245,CUST00245,Active,2025-08-19,13107.08,Premium,5000,100000
WAL000246,CUST00246,Active,2026-05-16,15078.42,Premium,50000,500000
WAL000247,CUST00247,Active,2024-06-23,12042.05,Premium,50000,100000
WAL000248,CUST00248,Active,2026-05-31,4911.29,Standard,10000,250000
WAL000249,CUST00249,Active,2026-08-06,24041.73,Basic,50000,500000
WAL000250,CUST00250,Inactive,2024-10-17,3167.2,Premium,25000,500000
WAL000251,CUST00251,Active,2026-07-15,11670.53,Basic,50000,100000
WAL000252,CUST00252,Active,2025-05-14,8550.82,Standard,5000,100000
WAL000253,CUST00253,Active,2025-01-12,16626.72,Premium,25000,100000
WAL000254,CUST00254,Active,2024-01-10,1927.41,Standard,10000,250000
WAL000255,CUST00255,Suspended,2026-07-26,1118.58,Premium,50000,500000
WAL000256,CUST00256,Active,2026-07-26,20559.83,Basic,50000,50000
WAL000257,CUST00257,Active,2024-08-27,4903.96,Standard,50000,250000
WAL000258,CUST00258,Active,2026-09-23,14201.95,Premium,50000,250000
WAL000259,CUST00259,Active,2024-04-19,9092.71,Basic,10000,100000
WAL000260,CUST00260,Active,2026-06-28,6502.72,Premium,10000,500000
WAL000261,CUST00261,Inactive,2025-04-05,20844.52,Basic,50000,50000
WAL000262,CUST00262,Inactive,2026-01-21,3290.14,Standard,5000,50000
WAL000263,CUST00263,Active,2026-07-10,20953.71,Basic,10000,100000
WAL000264,CUST00264,Active,2026-05-26,5377.83,Basic,5000,100000
WAL000265,CUST00265,Active,2025-10-24,11227.97,Premium,50000,250000
WAL000266,CUST00266,Active,2024-09-16,8488.77,Standard,50000,500000
WAL000267,CUST00267,Inactive,2025-07-04,17128.19,Premium,25000,100000
WAL000268,CUST00268,Active,2025-11-01,5057.96,Standard,50000,100000
WAL000269,CUST00269,Active,2025-03-22,13559.91,Basic,5000,100000
WAL000270,CUST00270,Active,2025-12-04,24723.08,Standard,50000,50000
WAL000271,CUST00271,Active,2026-05-26,5091.99,Standard,50000,250000
WAL000272,CUST00272,Inactive,2024-06-17,20782.07,Basic,10000,500000
WAL000273,CUST00273,Active,2024-07-05,19485.25,Standard,25000,250000
WAL000274,CUST00274,Active,2025-12-04,13587.79,Standard,10000,250000
WAL000275,CUST00275,Active,2025-10-03,20710.28,Premium,5000,500000
WAL000276,CUST00276,Active,2024-01-18,6941.19,Premium,50000,50000
WAL000277,CUST00277,Active,2024-06-26,18499.26,Basic,50000,100000
WAL000278,CUST00278,Active,2025-07-21,7782.04,Standard,5000,250000
WAL000279,CUST00279,Active,2026-11-09,2691.68,Standard,25000,500000
WAL000280,CUST00280,Active,2024-05-25,21305.46,Premium,25000,100000
WAL000281,CUST00281,Active,2024-12-19,12740.71,Premium,25000,100000
WAL000282,CUST00282,Inactive,2026-03-26,22693.5,Premium,25000,50000
WAL000283,CUST00283,Active,2024-11-08,5318.63,Basic,25000,50000
WAL000284,CUST00284,Active,2024-05-15,20029.25,Standard,5000,500000
WAL000285,CUST00285,Active,2024-04-22,5683.7,Basic,10000,250000
WAL000286,CUST00286,Closed,2025-12-11,10353.48,Premium,5000,500000
WAL000287,CUST00287,Active,2026-05-29,19637.2,Premium,10000,500000
WAL000288,CUST00288,Closed,2024-12-07,14400.84,Standard,25000,250000
WAL000289,CUST00289,Inactive,2024-04-04,53.96,Premium,50000,100000
WAL000290,CUST00290,Active,2025-05-23,20779.22,Basic,50000,250000
WAL000291,CUST00291,Active,2024-04-04,8443.12,Standard,10000,500000
WAL000292,CUST00292,Active,2025-08-20,6278.01,Basic,50000,250000
WAL000293,CUST00293,Active,2025-05-17,2892.86,Basic,5000,50000
WAL000294,CUST00294,Active,2026-02-09,14583.92,Basic,10000,50000
WAL000295,CUST00295,Active,2024-03-30,14199.68,Premium,10000,500000
WAL000296,CUST00296,Active,2026-03-18,29.37,Basic,5000,250000
WAL000297,CUST00297,Active,2025-10-07,24155.46,Premium,10000,100000
WAL000298,CUST00298,Active,2024-08-04,19988.89,Basic,10000,250000
WAL000299,CUST00299,Active,2026-08-06,8697.37,Basic,5000,100000
WAL000300,CUST00300,Active,2024-07-05,23504.23,Basic,10000,250000
WAL000301,CUST00301,Suspended,2026-07-15,13820.55,Basic,10000,100000
WAL000302,CUST00302,Active,2025-03-31,8427.33,Premium,50000,500000
WAL000303,CUST00303,Active,2025-02-08,9683.89,Basic,5000,100000
WAL000304,CUST00304,Suspended,2026-06-06,20863.57,Standard,50000,50000
WAL000305,CUST00305,Active,2026-07-02,131.07,Standard,50000,100000
WAL000306,CUST00306,Active,2024-05-04,3599.37,Standard,5000,250000
WAL000307,CUST00307,Active,2026-01-05,10474.64,Basic,10000,100000
WAL000308,CUST00308,Active,2025-03-24,1156.43,Basic,5000,500000
WAL000309,CUST00309,Active,2025-05-08,14085.95,Premium,5000,500000
WAL000310,CUST00310,Active,2025-04-29,8702.73,Basic,25000,100000
WAL000311,CUST00311,Active,2025-09-24,23181.37,Basic,10000,500000
WAL000312,CUST00312,Active,2024-01-02,18195.84,Basic,50000,500000
WAL000313,CUST00313,Closed,2024-10-17,10440.61,Basic,25000,250000
WAL000314,CUST00314,Active,2025-10-22,12293.92,Standard,5000,100000
WAL000315,CUST00315,Active,2024-12-25,3435.45,Standard,50000,100000
WAL000316,CUST00316,Active,2025-10-13,18284.9,Basic,10000,250000
WAL000317,CUST00317,Active,2025-12-11,19426.96,Standard,50000,50000
WAL000318,CUST00318,Active,2024-05-18,14663.22,Basic,50000,50000
WAL000319,CUST00319,Active,2026-02-14,9366.72,Basic,50000,500000
WAL000320,CUST00320,Active,2024-03-09,19078.87,Basic,5000,100000
WAL000321,CUST00321,Active,2024-06-02,11551.64,Premium,10000,50000
WAL000322,CUST00322,Active,2024-04-19,20857.12,Basic,10000,100000
WAL000323,CUST00323,Active,2024-07-15,15593.48,Basic,25000,500000
WAL000324,CUST00324,Active,2025-08-26,7429.46,Standard,5000,100000
WAL000325,CUST00325,Active,2025-09-23,395.17,Basic,25000,100000
WAL000326,CUST00326,Active,2026-01-26,13192.74,Premium,10000,100000
WAL000327,CUST00327,Active,2024-07-17,18659.57,Premium,5000,50000
WAL000328,CUST00328,Active,2026-05-07,16378.91,Basic,50000,50000
WAL000329,CUST00329,Active,2026-11-24,15742.21,Premium,25000,100000
WAL000330,CUST00330,Active,2024-03-28,14087.73,Basic,10000,250000
WAL000331,CUST00331,Active,2024-05-17,20045.43,Premium,10000,100000
WAL000332,CUST00332,Active,2026-05-09,1872.78,Standard,50000,50000
WAL000333,CUST00333,Active,2026-04-21,21242.23,Standard,10000,100000
WAL000334,CUST00334,Inactive,2026-04-02,9550.2,Premium,5000,50000
WAL000335,CUST00335,Inactive,2025-09-12,16699.35,Premium,5000,500000
WAL000336,CUST00336,Active,2026-05-03,3818.23,Standard,25000,250000
WAL000337,CUST00337,Active,2024-04-25,2748.77,Basic,5000,50000
WAL000338,CUST00338,Active,2024-04-28,24304.63,Basic,5000,100000
WAL000339,CUST00339,Suspended,2026-03-23,18864.03,Basic,50000,500000
WAL000340,CUST00340,Active,2025-12-06,18505.92,Standard,10000,250000
WAL000341,CUST00341,Suspended,2025-04-06,24273.42,Premium,25000,100000
WAL000342,CUST00342,Inactive,2024-12-20,13002.87,Standard,25000,500000
WAL000343,CUST00343,Active,2026-07-29,3131.66,Standard,10000,50000
WAL000344,CUST00344,Active,2025-08-01,10297.05,Premium,10000,100000
WAL000345,CUST00345,Active,2025-09-03,5852.99,Basic,50000,500000
WAL000346,CUST00346,Active,2024-02-22,5776.35,Premium,25000,100000
WAL000347,CUST00347,Active,2025-03-31,17570.95,Standard,50000,50000
WAL000348,CUST00348,Active,2024-09-19,18034.01,Premium,25000,500000
WAL000349,CUST00349,Inactive,2025-11-09,7988.46,Standard,5000,500000
WAL000350,CUST00350,Active,2025-02-02,16364.19,Standard,5000,500000
WAL000351,CUST00351,Active,2026-04-18,13862.47,Standard,5000,500000
WAL000352,CUST00352,Active,2024-04-28,23553.17,Standard,10000,500000
WAL000353,CUST00353,Active,2026-06-07,5653.49,Premium,25000,50000
WAL000354,CUST00354,Active,2026-12-23,24471.89,Premium,5000,500000
WAL000355,CUST00355,Active,2026-02-24,8698.08,Basic,25000,250000
WAL000356,CUST00356,Active,2026-12-01,10460.89,Basic,25000,500000
WAL000357,CUST00357,Active,2026-04-06,22235.65,Premium,5000,100000
WAL000358,CUST00358,Active,2024-03-17,8078.3,Standard,5000,500000
WAL000359,CUST00359,Active,2024-08-25,22284.44,Basic,10000,250000
WAL000360,CUST00360,Active,2026-05-11,6980.0,Standard,50000,250000
WAL000361,CUST00361,Active,2024-08-05,1367.87,Basic,10000,500000
WAL000362,CUST00362,Active,2024-11-24,22498.17,Premium,5000,50000
WAL000363,CUST00363,Closed,2026-10-08,4594.08,Standard,50000,100000
WAL000364,CUST00364,Active,2026-08-08,18957.39,Premium,5000,500000
WAL000365,CUST00365,Inactive,2024-04-03,16268.15,Standard,50000,250000
WAL000366,CUST00366,Active,2025-12-02,15132.22,Standard,10000,500000
WAL000367,CUST00367,Active,2024-12-07,6640.12,Premium,10000,50000
WAL000368,CUST00368,Active,2026-02-16,22663.32,Basic,5000,50000
WAL000369,CUST00369,Active,2024-05-09,22542.62,Basic,50000,50000
WAL000370,CUST00370,Inactive,2025-05-24,10955.16,Premium,50000,100000
WAL000371,CUST00371,Active,2026-08-19,22147.32,Standard,5000,500000
WAL000372,CUST00372,Active,2026-02-14,18373.83,Premium,10000,250000
WAL000373,CUST00373,Active,2025-10-09,14764.87,Basic,10000,100000
WAL000374,CUST00374,Active,2025-09-15,12401.56,Basic,5000,50000
WAL000375,CUST00375,Active,2026-08-26,14284.73,Premium,10000,100000
WAL000376,CUST00376,Active,2026-02-04,18807.32,Premium,5000,250000
WAL000377,CUST00377,Active,2025-02-05,8671.56,Basic,10000,500000
WAL000378,CUST00378,Active,2026-04-28,11661.32,Basic,25000,250000
WAL000379,CUST00379,Active,2026-10-18,1256.86,Basic,50000,50000
WAL000380,CUST00380,Inactive,2024-09-19,1885.51,Premium,50000,100000
WAL000381,CUST00381,Active,2026-03-25,17377.46,Standard,50000,250000
WAL000382,CUST00382,Active,2025-03-21,194.68,Basic,25000,500000
WAL000383,CUST00383,Active,2025-10-22,10971.0,Standard,25000,50000
WAL000384,CUST00384,Active,2024-08-06,15777.84,Standard,25000,250000
WAL000385,CUST00385,Active,2024-05-07,6284.53,Standard,10000,100000
WAL000386,CUST00386,Active,2025-05-01,1737.39,Premium,5000,250000
WAL000387,CUST00387,Active,2025-05-29,16892.48,Basic,5000,500000
WAL000388,CUST00388,Active,2024-12-29,17924.89,Premium,50000,50000
WAL000389,CUST00389,Active,2024-09-23,12456.44,Basic,50000,100000
WAL000390,CUST00390,Active,2024-04-14,3486.97,Basic,25000,250000
WAL000391,CUST00391,Inactive,2024-05-19,17043.09,Standard,50000,100000
WAL000392,CUST00392,Active,2026-01-08,6607.95,Standard,25000,100000
WAL000393,CUST00393,Inactive,2025-05-07,6382.03,Premium,50000,250000
WAL000394,CUST00394,Inactive,2025-08-02,4010.41,Basic,50000,50000
WAL000395,CUST00395,Active,2024-06-17,24775.58,Standard,25000,250000
WAL000396,CUST00396,Closed,2025-02-25,8706.9,Standard,5000,500000
WAL000397,CUST00397,Active,2024-04-21,11808.73,Basic,25000,100000
WAL000398,CUST00398,Active,2026-04-08,24912.98,Basic,10000,100000
WAL000399,CUST00399,Active,2026-10-26,8531.85,Standard,50000,500000
WAL000400,CUST00400,Active,2024-03-04,17933.29,Basic,50000,500000
WAL000401,CUST00401,Active,2026-02-03,19702.82,Premium,50000,250000
WAL000402,CUST00402,Inactive,2025-12-05,23995.41,Basic,25000,250000
WAL000403,CUST00403,Active,2025-01-06,22706.08,Premium,25000,50000
WAL000404,CUST00404,Suspended,2026-09-24,13301.93,Standard,5000,250000
WAL000405,CUST00405,Active,2026-07-11,16919.57,Premium,25000,500000
WAL000406,CUST00406,Active,2024-01-10,9580.4,Basic,50000,100000
WAL000407,CUST00407,Active,2026-07-01,3269.35,Premium,50000,100000
WAL000408,CUST00408,Active,2025-02-06,21297.09,Basic,10000,50000
WAL000409,CUST00409,Active,2025-06-17,10213.77,Premium,10000,100000
WAL000410,CUST00410,Active,2026-11-11,16617.38,Premium,10000,500000
WAL000411,CUST00411,Inactive,2025-01-01,6659.2,Basic,50000,250000
WAL000412,CUST00412,Active,2024-05-08,21394.24,Premium,10000,250000
WAL000413,CUST00413,Active,2024-04-05,18500.69,Basic,25000,50000
WAL000414,CUST00414,Closed,2026-02-14,21493.43,Premium,25000,250000
WAL000415,CUST00415,Closed,2026-09-24,513.06,Standard,10000,50000
WAL000416,CUST00416,Active,2025-07-29,4630.64,Premium,25000,100000
WAL000417,CUST00417,Active,2024-08-20,14322.93,Premium,10000,50000
WAL000418,CUST00418,Active,2024-09-18,19520.77,Premium,25000,250000
WAL000419,CUST00419,Active,2025-01-03,12707.24,Standard,50000,100000
WAL000420,CUST00420,Inactive,2026-08-23,3126.74,Basic,5000,100000
WAL000421,CUST00421,Active,2025-12-02,9781.31,Premium,50000,100000
WAL000422,CUST00422,Active,2026-12-06,23075.68,Basic,5000,50000
WAL000423,CUST00423,Active,2024-09-23,14982.98,Standard,5000,100000
WAL000424,CUST00424,Active,2026-09-14,17198.22,Basic,25000,250000
WAL000425,CUST00425,Active,2025-08-03,12283.75,Basic,50000,250000
WAL000426,CUST00426,Active,2026-02-07,21449.05,Standard,50000,50000
WAL000427,CUST00427,Active,2026-01-18,23305.51,Basic,25000,500000
WAL000428,CUST00428,Active,2026-09-17,2026.44,Standard,50000,100000
WAL000429,CUST00429,Active,2024-11-27,15313.14,Premium,50000,250000
WAL000430,CUST00430,Active,2024-01-11,9892.25,Standard,5000,250000
WAL000431,CUST00431,Closed,2024-03-18,19120.21,Basic,5000,500000
WAL000432,CUST00432,Active,2024-01-22,9509.76,Premium,50000,100000
WAL000433,CUST00433,Active,2025-05-04,2809.86,Premium,10000,500000
WAL000434,CUST00434,Inactive,2024-02-01,4784.5,Standard,10000,500000
WAL000435,CUST00435,Active,2026-04-07,10241.7,Standard,5000,100000
WAL000436,CUST00436,Active,2026-11-17,6753.69,Standard,5000,250000
WAL000437,CUST00437,Active,2026-07-28,18529.36,Basic,25000,100000
WAL000438,CUST00438,Active,2025-10-08,21748.16,Basic,5000,50000
WAL000439,CUST00439,Inactive,2026-03-28,3066.26,Premium,10000,500000
WAL000440,CUST00440,Active,2025-01-24,19339.13,Premium,5000,50000
WAL000441,CUST00441,Suspended,2024-08-06,2621.23,Basic,25000,250000
WAL000442,CUST00442,Active,2025-10-07,24442.98,Premium,25000,250000
WAL000443,CUST00443,Active,2024-09-19,2814.21,Standard,10000,100000
WAL000444,CUST00444,Inactive,2026-11-27,8971.97,Standard,25000,50000
WAL000445,CUST00445,Active,2025-06-15,4133.49,Premium,25000,250000
WAL000446,CUST00446,Active,2026-05-18,190.51,Standard,10000,100000
WAL000447,CUST00447,Suspended,2024-09-25,7697.1,Standard,10000,100000
WAL000448,CUST00448,Active,2024-11-02,16548.98,Premium,10000,250000
WAL000449,CUST00449,Active,2024-04-07,390.02,Basic,5000,250000
WAL000450,CUST00450,Active,2025-11-16,23659.65,Standard,25000,100000
WAL000451,CUST00451,Active,2025-02-11,22550.11,Premium,10000,500000
WAL000452,CUST00452,Active,2026-11-11,12790.66,Premium,25000,100000
WAL000453,CUST00453,Active,2026-04-08,12950.31,Premium,50000,500000
WAL000454,CUST00454,Active,2026-06-30,19754.94,Standard,5000,250000
WAL000455,CUST00455,Active,2025-05-30,16633.1,Premium,5000,250000
WAL000456,CUST00456,Active,2026-03-24,23064.59,Premium,5000,50000
WAL000457,CUST00457,Active,2025-08-04,11940.61,Basic,50000,100000
WAL000458,CUST00458,Active,2025-07-11,14778.59,Basic,10000,50000
WAL000459,CUST00459,Active,2026-12-29,9695.08,Standard,10000,50000
WAL000460,CUST00460,Active,2025-06-16,19211.09,Basic,5000,100000
WAL000461,CUST00461,Active,2026-09-04,16572.74,Standard,5000,100000
WAL000462,CUST00462,Inactive,2026-06-14,9695.27,Standard,50000,250000
WAL000463,CUST00463,Active,2025-07-10,19989.58,Standard,5000,250000
WAL000464,CUST00464,Active,2024-08-14,3312.99,Premium,5000,250000
WAL000465,CUST00465,Active,2024-02-15,348.76,Standard,50000,100000
WAL000466,CUST00466,Suspended,2024-01-31,17784.05,Basic,25000,50000
WAL000467,CUST00467,Inactive,2024-03-05,118.85,Basic,10000,100000
WAL000468,CUST00468,Inactive,2025-05-27,17769.69,Premium,25000,250000
WAL000469,CUST00469,Suspended,2026-08-01,23635.42,Standard,25000,100000
WAL000470,CUST00470,Active,2024-03-27,3283.71,Premium,50000,500000
WAL000471,CUST00471,Inactive,2025-03-22,16254.86,Basic,10000,50000
WAL000472,CUST00472,Active,2025-05-12,12630.79,Premium,10000,500000
WAL000473,CUST00473,Active,2024-07-06,19966.52,Basic,10000,50000
WAL000474,CUST00474,Active,2025-04-21,16608.27,Premium,50000,100000
WAL000475,CUST00475,Active,2024-10-02,20453.17,Standard,10000,50000
WAL000476,CUST00476,Active,2025-12-13,7471.24,Basic,10000,500000
WAL000477,CUST00477,Active,2026-01-21,784.64,Basic,25000,500000
WAL000478,CUST00478,Active,2024-05-09,19362.94,Standard,25000,50000
WAL000479,CUST00479,Inactive,2025-10-21,16258.78,Standard,50000,250000
WAL000480,CUST00480,Active,2024-08-07,20295.55,Standard,5000,100000
WAL000481,CUST00481,Active,2024-05-25,20729.84,Basic,25000,500000
WAL000482,CUST00482,Active,2026-05-01,3012.53,Basic,10000,500000
WAL000483,CUST00483,Active,2024-07-17,16898.77,Basic,25000,500000
WAL000484,CUST00484,Inactive,2026-04-30,4104.26,Standard,50000,100000
WAL000485,CUST00485,Active,2025-01-04,1697.87,Premium,50000,250000
WAL000486,CUST00486,Active,2025-10-26,20033.89,Standard,25000,250000
WAL000487,CUST00487,Active,2025-06-04,19303.37,Basic,10000,100000
WAL000488,CUST00488,Active,2025-09-10,12240.23,Premium,10000,500000
WAL000489,CUST00489,Active,2026-07-31,17462.55,Premium,25000,50000
WAL000490,CUST00490,Active,2024-07-07,800.15,Standard,5000,100000
WAL000491,CUST00491,Active,2024-07-14,21650.05,Standard,5000,50000
WAL000492,CUST00492,Active,2026-05-03,10705.34,Premium,50000,50000
WAL000493,CUST00493,Active,2024-03-25,20677.07,Premium,10000,50000
WAL000494,CUST00494,Active,2026-03-15,15291.26,Standard,10000,500000
WAL000495,CUST00495,Active,2025-11-19,20516.74,Standard,25000,100000
WAL000496,CUST00496,Active,2024-10-03,15993.84,Basic,50000,500000
WAL000497,CUST00497,Active,2025-06-29,5155.44,Premium,5000,100000
WAL000498,CUST00498,Suspended,2025-01-25,14194.86,Basic,25000,250000
WAL000499,CUST00499,Active,2024-04-01,17077.66,Basic,5000,500000
WAL000500,CUST00500,Active,2024-10-29,12898.69,Premium,50000,100000
WAL000501,CUST00501,Active,2025-03-09,2887.94,Standard,25000,100000
WAL000502,CUST00502,Active,2026-12-14,21765.97,Standard,5000,100000
WAL000503,CUST00503,Active,2024-01-18,4383.27,Standard,25000,100000
WAL000504,CUST00504,Suspended,2026-02-18,12487.82,Basic,50000,100000
WAL000505,CUST00505,Suspended,2026-12-20,19645.98,Standard,25000,500000
WAL000506,CUST00506,Active,2026-10-23,16374.1,Premium,10000,50000
WAL000507,CUST00507,Active,2025-11-30,6508.22,Standard,25000,50000
WAL000508,CUST00508,Active,2024-11-08,23121.67,Standard,25000,250000
WAL000509,CUST00509,Inactive,2025-02-18,18956.93,Basic,50000,50000
WAL000510,CUST00510,Active,2026-12-27,678.52,Premium,10000,50000
WAL000511,CUST00511,Active,2025-07-14,5959.02,Premium,10000,500000
WAL000512,CUST00512,Active,2024-02-23,10305.67,Premium,25000,50000
WAL000513,CUST00513,Closed,2026-10-03,14430.51,Basic,10000,100000
WAL000514,CUST00514,Suspended,2025-02-19,360.14,Premium,25000,100000
WAL000515,CUST00515,Active,2024-03-26,12282.32,Premium,25000,50000
WAL000516,CUST00516,Active,2024-03-27,4474.71,Premium,50000,500000
WAL000517,CUST00517,Active,2026-03-26,3685.55,Basic,10000,500000
WAL000518,CUST00518,Active,2026-07-14,14067.68,Premium,5000,250000
WAL000519,CUST00519,Active,2026-07-18,4473.79,Basic,5000,50000
WAL000520,CUST00520,Active,2026-07-09,11392.42,Standard,10000,50000
WAL000521,CUST00521,Active,2024-11-03,10137.59,Premium,10000,100000
WAL000522,CUST00522,Suspended,2024-09-26,24815.42,Basic,50000,500000
WAL000523,CUST00523,Active,2025-03-20,8945.6,Premium,50000,50000
WAL000524,CUST00524,Active,2025-03-01,20867.67,Basic,25000,100000
WAL000525,CUST00525,Active,2024-04-10,9063.03,Standard,5000,100000
WAL000526,CUST00526,Active,2024-07-09,12095.67,Standard,10000,250000
WAL000527,CUST00527,Active,2024-09-06,8386.14,Premium,25000,50000
WAL000528,CUST00528,Active,2026-09-17,6367.56,Premium,10000,500000
WAL000529,CUST00529,Active,2026-10-16,1117.34,Premium,10000,500000
WAL000530,CUST00530,Active,2024-08-29,13256.78,Premium,5000,250000
WAL000531,CUST00531,Closed,2025-07-30,16561.96,Premium,50000,250000
WAL000532,CUST00532,Active,2024-02-29,5025.91,Standard,50000,250000
WAL000533,CUST00533,Suspended,2026-08-01,24055.07,Premium,5000,50000
WAL000534,CUST00534,Closed,2024-02-08,16682.54,Standard,10000,50000
WAL000535,CUST00535,Active,2026-02-07,24004.91,Basic,5000,250000
WAL000536,CUST00536,Active,2024-03-05,14934.11,Standard,10000,500000
WAL000537,CUST00537,Active,2024-12-24,7321.2,Premium,10000,250000
WAL000538,CUST00538,Suspended,2025-01-24,17764.72,Basic,50000,50000
WAL000539,CUST00539,Active,2024-09-28,7431.64,Standard,25000,100000
WAL000540,CUST00540,Active,2024-04-04,5901.64,Basic,25000,100000
WAL000541,CUST00541,Inactive,2025-01-29,12556.0,Standard,5000,50000
WAL000542,CUST00542,Suspended,2024-08-22,808.6,Basic,10000,100000
WAL000543,CUST00543,Active,2025-08-03,8074.13,Standard,25000,500000
WAL000544,CUST00544,Active,2024-02-29,11656.58,Standard,25000,100000
WAL000545,CUST00545,Active,2025-12-29,5200.85,Basic,25000,50000
WAL000546,CUST00546,Active,2026-08-17,17267.04,Standard,50000,500000
WAL000547,CUST00547,Active,2026-03-13,22683.23,Basic,50000,100000
WAL000548,CUST00548,Active,2026-09-07,3143.56,Standard,25000,500000
WAL000549,CUST00549,Active,2024-05-25,1987.43,Basic,50000,100000
WAL000550,CUST00550,Active,2024-05-15,18716.73,Premium,50000,500000
WAL000551,CUST00551,Active,2025-04-28,7672.52,Standard,25000,500000
WAL000552,CUST00552,Active,2026-06-30,21776.56,Standard,10000,500000
WAL000553,CUST00553,Active,2024-05-05,858.99,Standard,5000,50000
WAL000554,CUST00554,Active,2026-03-09,6410.28,Basic,5000,50000
WAL000555,CUST00555,Active,2025-12-06,18051.41,Premium,50000,100000
WAL000556,CUST00556,Active,2024-04-18,22452.95,Standard,5000,100000
WAL000557,CUST00557,Active,2025-10-13,9990.93,Basic,5000,500000
WAL000558,CUST00558,Active,2026-02-26,70.18,Basic,50000,500000
WAL000559,CUST00559,Active,2026-09-23,14792.75,Standard,10000,500000
WAL000560,CUST00560,Active,2026-05-18,10687.02,Basic,50000,500000
WAL000561,CUST00561,Active,2026-10-24,429.12,Standard,25000,250000
WAL000562,CUST00562,Active,2026-09-13,17872.38,Basic,10000,100000
WAL000563,CUST00563,Inactive,2024-06-08,15536.0,Standard,5000,100000
WAL000564,CUST00564,Active,2026-08-18,3646.86,Basic,50000,250000
WAL000565,CUST00565,Active,2026-08-27,5517.01,Premium,5000,50000
WAL000566,CUST00566,Active,2024-09-16,12830.49,Basic,10000,50000
WAL000567,CUST00567,Active,2024-08-16,8736.33,Basic,25000,100000
WAL000568,CUST00568,Active,2025-01-05,4127.67,Premium,5000,250000
WAL000569,CUST00569,Active,2026-02-23,15641.46,Standard,25000,250000
WAL000570,CUST00570,Active,2024-08-25,17314.14,Premium,50000,250000
WAL000571,CUST00571,Active,2025-06-21,8835.23,Basic,5000,50000
WAL000572,CUST00572,Active,2024-03-25,22090.86,Premium,25000,250000
WAL000573,CUST00573,Active,2024-07-20,13047.99,Basic,25000,500000
WAL000574,CUST00574,Active,2025-01-03,5555.79,Premium,25000,50000
WAL000575,CUST00575,Active,2025-03-25,641.83,Premium,5000,50000
WAL000576,CUST00576,Suspended,2024-09-02,14609.37,Standard,25000,100000
WAL000577,CUST00577,Inactive,2024-06-04,21459.29,Standard,50000,50000
WAL000578,CUST00578,Active,2026-03-06,17586.14,Premium,5000,100000
WAL000579,CUST00579,Active,2026-10-04,20427.69,Standard,25000,100000
WAL000580,CUST00580,Active,2024-03-12,18528.19,Standard,10000,250000
WAL000581,CUST00581,Active,2026-03-10,8105.68,Basic,25000,50000
WAL000582,CUST00582,Inactive,2024-05-23,19523.25,Standard,25000,100000
WAL000583,CUST00583,Active,2024-04-23,9922.71,Premium,10000,50000
WAL000584,CUST00584,Active,2024-03-21,14788.02,Standard,10000,250000
WAL000585,CUST00585,Active,2026-06-15,22831.33,Standard,10000,250000
WAL000586,CUST00586,Active,2025-09-22,11231.32,Basic,5000,500000
WAL000587,CUST00587,Active,2025-03-09,9341.06,Premium,50000,50000
WAL000588,CUST00588,Active,2024-10-16,21542.62,Premium,5000,500000
WAL000589,CUST00589,Active,2024-04-12,7663.89,Premium,25000,500000
WAL000590,CUST00590,Active,2025-03-27,11721.86,Basic,50000,100000
WAL000591,CUST00591,Active,2024-04-03,19143.0,Standard,10000,100000
WAL000592,CUST00592,Active,2024-12-03,23113.34,Premium,10000,250000
WAL000593,CUST00593,Active,2024-06-14,20354.91,Premium,10000,250000
WAL000594,CUST00594,Active,2025-07-08,23756.2,Standard,10000,500000
WAL000595,CUST00595,Active,2024-06-29,19323.71,Basic,5000,100000
WAL000596,CUST00596,Suspended,2025-03-25,17814.16,Premium,50000,250000
WAL000597,CUST00597,Active,2024-12-27,147.46,Basic,50000,500000
WAL000598,CUST00598,Active,2026-07-17,13093.31,Standard,25000,100000
WAL000599,CUST00599,Active,2024-05-25,11496.1,Premium,10000,250000
WAL000600,CUST00600,Active,2025-04-11,24183.54,Standard,5000,500000
WAL000601,CUST00601,Active,2026-09-19,7736.72,Standard,50000,500000
WAL000602,CUST00602,Suspended,2025-02-01,15317.97,Premium,50000,100000
WAL000603,CUST00603,Active,2026-08-11,5135.74,Premium,5000,50000
WAL000604,CUST00604,Active,2024-06-26,21301.0,Basic,5000,50000
WAL000605,CUST00605,Active,2025-05-20,14007.7,Basic,5000,100000
WAL000606,CUST00606,Active,2024-03-23,16833.61,Premium,5000,250000
WAL000607,CUST00607,Active,2024-06-19,390.33,Basic,25000,500000
WAL000608,CUST00608,Active,2026-09-09,23069.67,Basic,25000,250000
WAL000609,CUST00609,Active,2026-01-28,21392.16,Premium,5000,100000
WAL000610,CUST00610,Inactive,2025-07-06,11254.21,Standard,10000,50000
WAL000611,CUST00611,Active,2026-01-15,21473.02,Standard,10000,100000
WAL000612,CUST00612,Active,2024-05-17,16383.48,Basic,5000,50000
WAL000613,CUST00613,Active,2025-12-23,4157.7,Basic,50000,250000
WAL000614,CUST00614,Active,2026-10-23,23700.85,Premium,10000,500000
WAL000615,CUST00615,Active,2024-06-27,22222.21,Premium,25000,250000
WAL000616,CUST00616,Active,2024-11-04,13173.18,Standard,50000,100000
WAL000617,CUST00617,Inactive,2026-06-28,19593.46,Standard,5000,500000
WAL000618,CUST00618,Inactive,2025-12-03,23139.92,Premium,5000,500000
WAL000619,CUST00619,Active,2025-06-16,11146.29,Standard,25000,250000
WAL000620,CUST00620,Suspended,2024-11-25,20931.76,Premium,5000,50000
WAL000621,CUST00621,Active,2024-09-16,18696.59,Standard,50000,100000
WAL000622,CUST00622,Active,2026-02-02,16397.77,Premium,25000,500000
WAL000623,CUST00623,Active,2024-10-24,2322.42,Premium,5000,500000
WAL000624,CUST00624,Active,2024-10-28,19287.36,Basic,10000,500000
WAL000625,CUST00625,Active,2026-04-02,20264.35,Premium,10000,50000
WAL000626,CUST00626,Active,2024-02-16,1257.44,Premium,25000,500000
WAL000627,CUST00627,Active,2024-10-29,253.91,Standard,10000,100000
WAL000628,CUST00628,Inactive,2024-06-28,14725.66,Basic,25000,100000
WAL000629,CUST00629,Active,2024-06-25,7839.02,Standard,25000,500000
WAL000630,CUST00630,Active,2025-07-13,20748.87,Standard,25000,250000
WAL000631,CUST00631,Active,2024-03-27,22167.11,Premium,50000,500000
WAL000632,CUST00632,Active,2026-08-25,7126.5,Basic,50000,50000
WAL000633,CUST00633,Active,2025-07-21,2833.41,Premium,5000,250000
WAL000634,CUST00634,Active,2026-11-15,23893.98,Basic,5000,100000
WAL000635,CUST00635,Active,2024-04-18,14717.48,Basic,5000,500000
WAL000636,CUST00636,Active,2024-07-12,20319.28,Standard,10000,500000
WAL000637,CUST00637,Active,2026-12-30,15457.34,Standard,10000,250000
WAL000638,CUST00638,Active,2024-11-29,3183.15,Basic,50000,250000
WAL000639,CUST00639,Active,2024-08-26,14040.27,Premium,10000,50000
WAL000640,CUST00640,Active,2025-12-01,8354.14,Basic,25000,500000
WAL000641,CUST00641,Active,2025-03-05,6809.06,Basic,10000,50000
WAL000642,CUST00642,Active,2024-08-08,20490.06,Standard,5000,100000
WAL000643,CUST00643,Active,2024-01-22,21981.46,Premium,10000,500000
WAL000644,CUST00644,Active,2025-07-22,18103.95,Premium,50000,500000
WAL000645,CUST00645,Active,2025-03-20,21195.54,Basic,10000,100000
WAL000646,CUST00646,Inactive,2026-08-30,222.42,Premium,50000,250000
WAL000647,CUST00647,Active,2026-11-19,18180.8,Premium,25000,50000
WAL000648,CUST00648,Active,2025-08-13,7043.13,Basic,25000,250000
WAL000649,CUST00649,Active,2026-06-28,14266.45,Basic,25000,100000
WAL000650,CUST00650,Active,2024-01-27,10416.9,Standard,5000,50000
WAL000651,CUST00651,Inactive,2024-12-11,7856.87,Basic,50000,50000
WAL000652,CUST00652,Active,2026-10-19,18876.96,Standard,10000,250000
WAL000653,CUST00653,Active,2024-10-28,8793.48,Premium,5000,100000
WAL000654,CUST00654,Inactive,2024-04-18,19832.97,Basic,50000,250000
WAL000655,CUST00655,Active,2024-07-16,22816.61,Premium,25000,100000
WAL000656,CUST00656,Active,2025-12-04,2973.94,Standard,10000,100000
WAL000657,CUST00657,Active,2026-02-09,1453.57,Premium,50000,500000
WAL000658,CUST00658,Active,2024-10-02,19915.7,Premium,25000,250000
WAL000659,CUST00659,Active,2026-11-03,6174.99,Basic,50000,50000
WAL000660,CUST00660,Active,2024-02-27,22897.87,Premium,5000,250000
WAL000661,CUST00661,Closed,2026-05-26,17260.83,Premium,10000,50000
WAL000662,CUST00662,Active,2024-06-22,13499.22,Basic,50000,250000
WAL000663,CUST00663,Active,2026-05-15,2189.44,Premium,5000,100000
WAL000664,CUST00664,Active,2026-03-10,24733.68,Standard,5000,500000
WAL000665,CUST00665,Active,2025-11-26,12369.62,Premium,5000,250000
WAL000666,CUST00666,Active,2024-04-07,341.77,Premium,10000,250000
WAL000667,CUST00667,Active,2026-12-23,10040.01,Basic,50000,50000
WAL000668,CUST00668,Active,2025-10-03,21293.32,Basic,5000,100000
WAL000669,CUST00669,Active,2026-10-19,20337.46,Standard,50000,100000
WAL000670,CUST00670,Active,2026-01-16,1410.98,Basic,10000,250000
WAL000671,CUST00671,Active,2025-02-20,24117.93,Basic,5000,500000
WAL000672,CUST00672,Active,2024-11-03,15583.41,Standard,10000,500000
WAL000673,CUST00673,Active,2024-11-22,14233.23,Premium,50000,500000
WAL000674,CUST00674,Active,2024-02-10,5175.8,Basic,10000,250000
WAL000675,CUST00675,Active,2024-10-14,16864.1,Standard,5000,50000
WAL000676,CUST00676,Active,2024-09-07,15437.13,Premium,50000,500000
WAL000677,CUST00677,Active,2025-03-14,7093.69,Standard,5000,50000
WAL000678,CUST00678,Active,2026-05-17,19385.83,Basic,25000,50000
WAL000679,CUST00679,Active,2024-03-12,13387.12,Standard,10000,500000
WAL000680,CUST00680,Active,2026-06-25,24602.95,Premium,10000,250000
WAL000681,CUST00681,Active,2026-06-17,20133.5,Basic,5000,500000
WAL000682,CUST00682,Active,2026-05-15,18376.23,Basic,10000,100000
WAL000683,CUST00683,Inactive,2024-04-16,13222.43,Standard,50000,500000
WAL000684,CUST00684,Active,2024-11-19,9432.45,Basic,25000,100000
WAL000685,CUST00685,Active,2024-09-30,7682.25,Premium,50000,500000
WAL000686,CUST00686,Active,2025-01-07,19387.57,Basic,5000,100000
WAL000687,CUST00687,Active,2025-06-20,9389.65,Standard,50000,50000
WAL000688,CUST00688,Active,2024-08-28,3391.44,Premium,5000,100000
WAL000689,CUST00689,Inactive,2026-10-09,10212.68,Basic,10000,250000
WAL000690,CUST00690,Active,2026-04-16,9533.64,Premium,5000,500000
WAL000691,CUST00691,Active,2024-01-22,23632.75,Basic,50000,250000
WAL000692,CUST00692,Active,2024-04-30,1436.53,Premium,5000,50000
WAL000693,CUST00693,Active,2026-02-19,595.92,Basic,50000,100000
WAL000694,CUST00694,Inactive,2026-10-28,4023.49,Basic,50000,500000
WAL000695,CUST00695,Active,2025-10-03,2166.87,Standard,50000,50000
WAL000696,CUST00696,Suspended,2025-10-03,19105.74,Basic,50000,50000
WAL000697,CUST00697,Active,2024-04-21,18663.78,Basic,25000,500000
WAL000698,CUST00698,Active,2024-03-24,21316.85,Standard,10000,250000
WAL000699,CUST00699,Inactive,2024-07-10,17906.78,Standard,10000,100000
WAL000700,CUST00700,Inactive,2025-01-04,3567.34,Basic,5000,500000
WAL000701,CUST00701,Suspended,2026-02-04,16739.74,Basic,50000,250000
WAL000702,CUST00702,Active,2024-01-12,13819.5,Standard,50000,250000
WAL000703,CUST00703,Active,2025-08-02,19406.39,Standard,10000,500000
WAL000704,CUST00704,Active,2026-03-27,1290.31,Premium,10000,100000
WAL000705,CUST00705,Active,2026-10-02,12848.0,Standard,50000,500000
WAL000706,CUST00706,Active,2026-09-29,2747.46,Premium,50000,50000
WAL000707,CUST00707,Active,2026-05-22,17649.67,Standard,50000,100000
WAL000708,CUST00708,Active,2026-12-10,2165.03,Standard,5000,50000
WAL000709,CUST00709,Active,2025-09-07,14388.81,Basic,50000,500000
WAL000710,CUST00710,Active,2026-04-25,5024.67,Standard,50000,500000
WAL000711,CUST00711,Active,2026-08-05,15484.97,Premium,25000,250000
WAL000712,CUST00712,Active,2026-07-10,18615.15,Standard,50000,100000
WAL000713,CUST00713,Inactive,2024-02-06,21289.07,Standard,10000,500000
WAL000714,CUST00714,Active,2026-01-08,12109.51,Basic,25000,250000
WAL000715,CUST00715,Active,2025-03-04,13326.45,Standard,50000,50000
WAL000716,CUST00716,Active,2026-08-07,20180.26,Standard,25000,250000
WAL000717,CUST00717,Active,2024-02-10,23472.48,Premium,5000,100000
WAL000718,CUST00718,Active,2024-07-29,10945.0,Standard,5000,50000
WAL000719,CUST00719,Active,2026-09-26,7114.36,Basic,25000,500000
WAL000720,CUST00720,Active,2024-08-27,4472.91,Premium,10000,250000
WAL000721,CUST00721,Suspended,2025-01-28,24820.65,Standard,5000,50000
WAL000722,CUST00722,Suspended,2026-03-10,19216.77,Basic,25000,100000
WAL000723,CUST00723,Active,2024-06-25,20527.89,Basic,10000,50000
WAL000724,CUST00724,Suspended,2025-04-25,12754.95,Premium,10000,500000
WAL000725,CUST00725,Active,2024-03-06,3239.39,Premium,50000,50000
WAL000726,CUST00726,Active,2025-12-28,19080.72,Basic,50000,100000
WAL000727,CUST00727,Active,2024-07-27,1146.88,Premium,5000,100000
WAL000728,CUST00728,Active,2025-08-21,6044.52,Standard,5000,250000
WAL000729,CUST00729,Active,2026-06-18,19502.45,Premium,5000,50000
WAL000730,CUST00730,Active,2026-04-29,13310.45,Premium,5000,50000
WAL000731,CUST00731,Active,2026-05-28,11818.1,Premium,50000,100000
WAL000732,CUST00732,Suspended,2026-11-25,24068.61,Premium,5000,500000
WAL000733,CUST00733,Active,2024-03-16,23497.99,Premium,50000,250000
WAL000734,CUST00734,Active,2025-07-26,13370.67,Basic,5000,50000
WAL000735,CUST00735,Active,2025-02-08,3156.79,Premium,5000,100000
WAL000736,CUST00736,Active,2026-11-13,6723.47,Basic,50000,50000
WAL000737,CUST00737,Active,2026-05-15,4482.2,Premium,50000,100000
WAL000738,CUST00738,Active,2024-09-12,12282.4,Premium,10000,250000
WAL000739,CUST00739,Active,2025-08-05,8008.94,Premium,10000,250000
WAL000740,CUST00740,Active,2024-10-27,22259.41,Standard,50000,500000
WAL000741,CUST00741,Active,2024-06-08,22385.99,Premium,50000,500000
WAL000742,CUST00742,Inactive,2026-09-29,4297.81,Standard,25000,100000
WAL000743,CUST00743,Suspended,2024-08-29,7016.28,Basic,50000,250000
WAL000744,CUST00744,Active,2024-09-04,24943.88,Premium,50000,500000
WAL000745,CUST00745,Active,2026-09-22,5488.68,Basic,5000,50000
WAL000746,CUST00746,Active,2026-09-28,22839.29,Basic,25000,50000
WAL000747,CUST00747,Active,2026-07-15,20140.01,Premium,5000,100000
WAL000748,CUST00748,Active,2025-10-28,21530.85,Standard,50000,50000
WAL000749,CUST00749,Inactive,2026-06-26,11728.26,Premium,50000,50000
WAL000750,CUST00750,Active,2025-01-29,1704.98,Standard,25000,250000
WAL000751,CUST00751,Inactive,2024-02-08,21073.52,Basic,25000,100000
WAL000752,CUST00752,Active,2024-02-17,6877.64,Standard,10000,50000
WAL000753,CUST00753,Active,2024-08-22,24248.61,Premium,50000,250000
WAL000754,CUST00754,Active,2024-12-12,2178.75,Basic,50000,500000
WAL000755,CUST00755,Active,2024-10-18,4928.06,Standard,50000,500000
WAL000756,CUST00756,Inactive,2026-10-30,17017.38,Premium,50000,500000
WAL000757,CUST00757,Active,2026-04-14,18000.83,Basic,50000,100000
WAL000758,CUST00758,Active,2024-06-20,13356.78,Standard,10000,50000
WAL000759,CUST00759,Active,2026-08-09,6645.37,Basic,50000,500000
WAL000760,CUST00760,Active,2026-02-17,184.24,Basic,25000,100000
WAL000761,CUST00761,Active,2024-09-08,4106.82,Basic,50000,500000
WAL000762,CUST00762,Active,2026-07-16,511.6,Standard,25000,50000
WAL000763,CUST00763,Suspended,2024-01-05,6597.23,Basic,50000,500000
WAL000764,CUST00764,Active,2024-06-07,12898.88,Basic,10000,100000
WAL000765,CUST00765,Active,2024-01-18,21315.67,Standard,25000,500000
WAL000766,CUST00766,Active,2024-07-03,11527.99,Standard,50000,500000
WAL000767,CUST00767,Active,2025-03-04,13497.13,Basic,10000,50000
WAL000768,CUST00768,Active,2024-12-25,12220.14,Standard,25000,100000
WAL000769,CUST00769,Active,2024-02-17,24838.03,Premium,10000,500000
WAL000770,CUST00770,Closed,2026-04-13,21871.31,Basic,10000,250000
WAL000771,CUST00771,Active,2026-05-10,5752.26,Basic,25000,250000
WAL000772,CUST00772,Inactive,2026-05-17,16827.85,Standard,10000,250000
WAL000773,CUST00773,Suspended,2024-02-19,24918.57,Premium,5000,50000
WAL000774,CUST00774,Closed,2026-11-30,12386.48,Premium,50000,500000
WAL000775,CUST00775,Active,2024-03-09,16888.91,Premium,50000,100000
WAL000776,CUST00776,Active,2026-06-03,9098.95,Basic,5000,100000
WAL000777,CUST00777,Active,2026-04-21,5296.23,Premium,10000,250000
WAL000778,CUST00778,Active,2024-02-23,12542.54,Basic,5000,500000
WAL000779,CUST00779,Active,2024-09-15,13155.91,Basic,50000,100000
WAL000780,CUST00780,Active,2024-03-31,1934.03,Standard,50000,250000
WAL000781,CUST00781,Active,2024-10-25,24374.04,Basic,25000,50000
WAL000782,CUST00782,Active,2026-11-04,22463.09,Premium,5000,50000
WAL000783,CUST00783,Active,2026-09-01,17272.46,Standard,50000,100000
WAL000784,CUST00784,Active,2026-07-19,15060.39,Standard,25000,50000
WAL000785,CUST00785,Suspended,2025-11-09,13961.81,Basic,10000,250000
WAL000786,CUST00786,Active,2024-08-23,3800.58,Standard,50000,50000
WAL000787,CUST00787,Active,2024-12-22,24908.62,Premium,5000,250000
WAL000788,CUST00788,Active,2024-12-26,22150.88,Basic,25000,250000
WAL000789,CUST00789,Active,2026-07-23,14496.14,Standard,50000,50000
WAL000790,CUST00790,Active,2025-01-23,24288.21,Standard,5000,100000
WAL000791,CUST00791,Active,2025-08-25,5469.41,Standard,50000,50000
WAL000792,CUST00792,Active,2026-08-21,16140.33,Premium,10000,250000
WAL000793,CUST00793,Active,2025-01-01,12493.13,Standard,10000,500000
WAL000794,CUST00794,Suspended,2025-02-19,2501.79,Premium,5000,250000
WAL000795,CUST00795,Active,2024-06-22,421.58,Basic,50000,250000
WAL000796,CUST00796,Active,2025-11-19,15276.3,Basic,50000,250000
WAL000797,CUST00797,Active,2024-02-20,5159.71,Standard,10000,50000
WAL000798,CUST00798,Active,2024-06-09,834.27,Basic,50000,100000
WAL000799,CUST00799,Active,2025-11-05,23814.88,Basic,10000,50000
WAL000800,CUST00800,Active,2025-09-05,330.24,Standard,5000,500000
WAL000801,CUST00801,Active,2025-03-05,2827.55,Standard,50000,500000
WAL000802,CUST00802,Active,2025-01-19,1234.2,Premium,5000,500000
WAL000803,CUST00803,Active,2024-09-19,9567.37,Premium,5000,250000
WAL000804,CUST00804,Active,2025-10-29,8889.48,Basic,50000,500000
WAL000805,CUST00805,Active,2026-03-11,6081.73,Premium,25000,250000
WAL000806,CUST00806,Active,2024-08-01,20440.56,Premium,10000,500000
WAL000807,CUST00807,Active,2025-02-25,2620.41,Basic,10000,500000
WAL000808,CUST00808,Active,2026-04-21,9712.85,Standard,25000,100000
WAL000809,CUST00809,Active,2025-02-25,6336.92,Premium,10000,500000
WAL000810,CUST00810,Active,2026-07-28,16113.78,Premium,50000,100000
WAL000811,CUST00811,Active,2026-10-02,15649.58,Premium,50000,100000
WAL000812,CUST00812,Active,2024-12-24,24300.43,Standard,10000,500000
WAL000813,CUST00813,Active,2024-03-30,9263.46,Premium,10000,250000
WAL000814,CUST00814,Active,2024-09-05,17570.12,Premium,10000,500000
WAL000815,CUST00815,Active,2024-04-01,6544.51,Premium,5000,500000
WAL000816,CUST00816,Active,2024-01-22,10321.34,Basic,50000,250000
WAL000817,CUST00817,Inactive,2024-06-18,8873.87,Premium,10000,250000
WAL000818,CUST00818,Active,2024-07-24,14404.13,Premium,5000,500000
WAL000819,CUST00819,Closed,2026-01-03,7424.95,Standard,10000,100000
WAL000820,CUST00820,Active,2025-09-23,13830.4,Premium,50000,500000
WAL000821,CUST00821,Active,2025-02-13,21590.61,Premium,25000,250000
WAL000822,CUST00822,Active,2024-12-09,20832.7,Standard,5000,500000
WAL000823,CUST00823,Active,2026-03-20,967.9,Premium,50000,50000
WAL000824,CUST00824,Suspended,2025-10-09,2242.65,Premium,50000,100000
WAL000825,CUST00825,Inactive,2025-03-23,12749.74,Premium,5000,100000
WAL000826,CUST00826,Active,2025-10-26,22.09,Basic,5000,500000
WAL000827,CUST00827,Active,2026-07-08,23171.69,Basic,10000,500000
WAL000828,CUST00828,Active,2026-05-27,12114.86,Standard,5000,50000
WAL000829,CUST00829,Active,2025-02-22,18867.37,Basic,25000,100000
WAL000830,CUST00830,Active,2024-03-22,18774.27,Premium,5000,500000
WAL000831,CUST00831,Inactive,2024-04-20,10439.52,Standard,5000,250000
WAL000832,CUST00832,Active,2025-01-29,24763.02,Premium,10000,50000
WAL000833,CUST00833,Active,2026-05-22,4550.83,Basic,50000,50000
WAL000834,CUST00834,Inactive,2026-07-07,4683.9,Basic,50000,100000
WAL000835,CUST00835,Active,2026-10-31,1146.77,Premium,25000,100000
WAL000836,CUST00836,Active,2024-11-08,7732.71,Premium,50000,100000
WAL000837,CUST00837,Active,2026-09-11,22255.68,Premium,25000,50000
WAL000838,CUST00838,Active,2026-02-05,9061.71,Premium,10000,500000
WAL000839,CUST00839,Active,2024-09-11,7760.74,Premium,50000,50000
WAL000840,CUST00840,Active,2024-04-28,9374.76,Standard,10000,250000
WAL000841,CUST00841,Active,2026-07-21,12823.52,Premium,5000,250000
WAL000842,CUST00842,Active,2024-06-13,12291.93,Premium,25000,100000
WAL000843,CUST00843,Active,2026-04-22,24784.44,Standard,5000,50000
WAL000844,CUST00844,Active,2025-09-22,7234.37,Premium,10000,250000
WAL000845,CUST00845,Suspended,2026-06-01,20970.85,Basic,50000,250000
WAL000846,CUST00846,Active,2025-03-11,13246.15,Standard,5000,250000
WAL000847,CUST00847,Closed,2024-12-06,11210.63,Basic,50000,500000
WAL000848,CUST00848,Active,2026-09-20,13988.72,Basic,5000,100000
WAL000849,CUST00849,Active,2024-01-15,10968.09,Standard,5000,50000
WAL000850,CUST00850,Active,2025-12-03,2447.86,Premium,50000,100000
WAL000851,CUST00851,Active,2026-07-24,18222.43,Premium,10000,100000
WAL000852,CUST00852,Active,2026-08-31,22471.53,Standard,25000,50000
WAL000853,CUST00853,Active,2025-10-28,3302.72,Standard,10000,100000
WAL000854,CUST00854,Active,2024-07-24,24007.77,Basic,10000,250000
WAL000855,CUST00855,Suspended,2024-06-27,10640.97,Standard,10000,100000
WAL000856,CUST00856,Active,2024-12-15,24749.78,Basic,25000,500000
WAL000857,CUST00857,Active,2025-06-11,15184.82,Premium,25000,50000
WAL000858,CUST00858,Active,2025-12-03,5055.22,Standard,5000,100000
WAL000859,CUST00859,Inactive,2024-06-28,9272.97,Basic,10000,100000
WAL000860,CUST00860,Active,2026-02-17,22499.86,Basic,25000,50000
WAL000861,CUST00861,Active,2024-09-15,24436.75,Standard,25000,500000
WAL000862,CUST00862,Active,2025-08-30,15174.67,Basic,50000,250000
WAL000863,CUST00863,Active,2026-10-25,9634.12,Standard,5000,50000
WAL000864,CUST00864,Active,2026-02-10,2718.58,Standard,10000,250000
WAL000865,CUST00865,Active,2026-03-13,9492.11,Premium,10000,50000
WAL000866,CUST00866,Closed,2024-05-27,624.83,Basic,10000,100000
WAL000867,CUST00867,Active,2024-12-01,1771.43,Basic,25000,50000
WAL000868,CUST00868,Active,2024-01-19,4667.65,Standard,50000,50000
WAL000869,CUST00869,Active,2025-12-29,7424.13,Standard,10000,250000
WAL000870,CUST00870,Active,2024-08-31,20563.11,Standard,50000,250000
WAL000871,CUST00871,Suspended,2026-02-21,7051.08,Premium,50000,250000
WAL000872,CUST00872,Active,2026-11-09,8599.2,Premium,50000,250000
WAL000873,CUST00873,Active,2026-06-07,11981.82,Basic,50000,100000
WAL000874,CUST00874,Active,2026-12-21,21021.22,Standard,50000,500000
WAL000875,CUST00875,Active,2025-01-03,2061.78,Basic,50000,250000
WAL000876,CUST00876,Suspended,2025-06-09,21957.68,Standard,10000,50000
WAL000877,CUST00877,Suspended,2025-09-07,17833.13,Standard,10000,500000
WAL000878,CUST00878,Active,2026-11-11,20916.03,Standard,50000,50000
WAL000879,CUST00879,Active,2025-03-18,6339.34,Basic,50000,100000
WAL000880,CUST00880,Active,2024-11-30,2116.92,Premium,10000,100000
WAL000881,CUST00881,Inactive,2025-07-05,16515.5,Standard,10000,50000
WAL000882,CUST00882,Active,2024-02-23,9270.76,Standard,50000,250000
WAL000883,CUST00883,Active,2024-07-01,1493.55,Premium,50000,250000
WAL000884,CUST00884,Active,2024-08-03,21016.92,Standard,5000,500000
WAL000885,CUST00885,Active,2024-07-21,8111.59,Basic,5000,250000
WAL000886,CUST00886,Active,2024-01-20,19017.34,Basic,5000,250000
WAL000887,CUST00887,Active,2025-05-25,19087.79,Basic,50000,250000
WAL000888,CUST00888,Active,2025-07-18,10037.15,Standard,50000,250000
WAL000889,CUST00889,Inactive,2025-10-02,13678.17,Standard,25000,100000
WAL000890,CUST00890,Active,2025-08-08,18919.75,Standard,10000,50000
WAL000891,CUST00891,Active,2025-01-24,17917.61,Basic,50000,250000
WAL000892,CUST00892,Active,2026-12-08,19205.5,Premium,25000,100000
WAL000893,CUST00893,Active,2024-12-15,18106.34,Standard,5000,100000
WAL000894,CUST00894,Suspended,2024-01-05,14307.82,Premium,25000,50000
WAL000895,CUST00895,Inactive,2026-07-31,316.93,Standard,50000,50000
WAL000896,CUST00896,Active,2024-07-26,17470.05,Basic,5000,250000
WAL000897,CUST00897,Active,2025-05-27,15688.84,Basic,50000,100000
WAL000898,CUST00898,Active,2026-06-18,15969.09,Standard,5000,250000
WAL000899,CUST00899,Active,2024-03-23,20223.76,Premium,5000,50000
WAL000900,CUST00900,Active,2026-05-12,15160.95,Premium,50000,50000
WAL000901,CUST00901,Active,2024-08-08,17528.21,Standard,5000,100000
WAL000902,CUST00902,Active,2024-01-17,18553.36,Standard,5000,250000
WAL000903,CUST00903,Active,2026-11-13,21902.16,Premium,50000,250000
WAL000904,CUST00904,Active,2024-07-30,17297.66,Standard,10000,500000
WAL000905,CUST00905,Active,2025-01-28,19585.42,Standard,5000,500000
WAL000906,CUST00906,Active,2025-09-19,23468.51,Premium,25000,100000
WAL000907,CUST00907,Active,2025-07-05,17009.09,Standard,50000,50000
WAL000908,CUST00908,Suspended,2024-04-16,7017.83,Standard,25000,500000
WAL000909,CUST00909,Active,2026-10-03,11431.63,Premium,50000,500000
WAL000910,CUST00910,Active,2026-01-10,16932.96,Standard,50000,500000
WAL000911,CUST00911,Active,2024-09-24,16887.96,Basic,50000,50000
WAL000912,CUST00912,Active,2025-12-03,13474.44,Premium,5000,100000
WAL000913,CUST00913,Active,2025-06-01,21920.53,Premium,10000,500000
WAL000914,CUST00914,Active,2026-10-28,9359.9,Premium,10000,100000
WAL000915,CUST00915,Active,2026-12-26,21161.87,Premium,50000,500000
WAL000916,CUST00916,Active,2025-01-11,18583.19,Basic,5000,100000
WAL000917,CUST00917,Inactive,2025-08-29,23536.46,Standard,50000,250000
WAL000918,CUST00918,Active,2024-10-30,10613.58,Basic,50000,500000
WAL000919,CUST00919,Active,2025-12-12,16552.06,Standard,25000,100000
WAL000920,CUST00920,Active,2024-01-22,734.32,Standard,5000,100000
WAL000921,CUST00921,Active,2025-06-11,20888.0,Premium,25000,250000
WAL000922,CUST00922,Active,2025-04-19,19037.62,Basic,50000,250000
WAL000923,CUST00923,Active,2026-10-01,6427.6,Standard,10000,500000
WAL000924,CUST00924,Active,2024-10-20,22518.12,Premium,50000,50000
WAL000925,CUST00925,Active,2026-02-25,5934.94,Standard,5000,100000
WAL000926,CUST00926,Inactive,2024-01-28,14778.57,Basic,50000,500000
WAL000927,CUST00927,Active,2025-11-10,17705.66,Premium,10000,250000
WAL000928,CUST00928,Active,2025-08-30,22911.74,Standard,50000,500000
WAL000929,CUST00929,Active,2024-10-28,12696.59,Premium,50000,50000
WAL000930,CUST00930,Active,2025-04-04,1661.56,Standard,10000,50000
WAL000931,CUST00931,Active,2026-05-27,22519.79,Standard,10000,500000
WAL000932,CUST00932,Active,2025-07-09,3683.92,Basic,10000,100000
WAL000933,CUST00933,Active,2026-03-10,7652.37,Standard,50000,500000
WAL000934,CUST00934,Active,2024-09-18,23691.86,Premium,10000,500000
WAL000935,CUST00935,Active,2025-05-18,13432.12,Premium,5000,50000
WAL000936,CUST00936,Active,2026-05-13,12585.69,Premium,10000,250000
WAL000937,CUST00937,Active,2026-08-28,2940.97,Premium,50000,50000
WAL000938,CUST00938,Active,2026-05-12,3284.92,Premium,5000,100000
WAL000939,CUST00939,Active,2026-05-19,9029.47,Basic,10000,50000
WAL000940,CUST00940,Active,2024-10-16,8350.0,Standard,5000,250000
WAL000941,CUST00941,Active,2026-12-16,21038.26,Premium,5000,250000
WAL000942,CUST00942,Active,2024-05-02,8041.66,Premium,25000,100000
WAL000943,CUST00943,Active,2025-06-12,12912.28,Basic,25000,50000
WAL000944,CUST00944,Active,2024-09-13,21343.65,Standard,50000,250000
WAL000945,CUST00945,Active,2026-04-09,21495.22,Premium,10000,100000
WAL000946,CUST00946,Active,2025-11-18,4444.44,Basic,50000,500000
WAL000947,CUST00947,Active,2025-02-17,13707.77,Standard,10000,50000
WAL000948,CUST00948,Active,2024-07-09,16014.44,Basic,50000,500000
WAL000949,CUST00949,Active,2024-07-18,7201.26,Standard,10000,50000
WAL000950,CUST00950,Inactive,2024-03-17,8409.8,Premium,50000,50000
WAL000951,CUST00951,Active,2024-10-15,6826.2,Standard,50000,250000
WAL000952,CUST00952,Active,2026-06-01,1223.25,Standard,50000,500000
WAL000953,CUST00953,Inactive,2025-09-25,10218.22,Standard,50000,500000
WAL000954,CUST00954,Active,2026-01-14,15996.31,Premium,10000,500000
WAL000955,CUST00955,Active,2024-10-14,21648.77,Premium,5000,100000
WAL000956,CUST00956,Active,2026-01-21,79.77,Standard,5000,500000
WAL000957,CUST00957,Active,2024-04-26,16450.09,Basic,5000,250000
WAL000958,CUST00958,Active,2026-03-06,21064.55,Premium,50000,50000
WAL000959,CUST00959,Active,2024-08-09,22907.86,Basic,25000,500000
WAL000960,CUST00960,Inactive,2026-09-02,23058.27,Standard,5000,50000
WAL000961,CUST00961,Active,2024-03-05,9875.57,Basic,50000,500000
WAL000962,CUST00962,Active,2026-05-16,22707.64,Standard,5000,50000
WAL000963,CUST00963,Inactive,2026-07-13,5757.81,Standard,25000,50000
WAL000964,CUST00964,Active,2025-08-31,11473.43,Premium,50000,50000
WAL000965,CUST00965,Active,2026-03-07,9138.99,Standard,25000,50000
WAL000966,CUST00966,Active,2024-11-04,20745.88,Standard,50000,250000
WAL000967,CUST00967,Closed,2024-01-08,7948.73,Basic,50000,500000
WAL000968,CUST00968,Active,2024-12-06,6364.13,Basic,25000,250000
WAL000969,CUST00969,Active,2025-09-10,19664.91,Premium,5000,50000
WAL000970,CUST00970,Active,2026-12-07,11461.2,Premium,25000,250000
WAL000971,CUST00971,Active,2026-06-14,11552.44,Premium,10000,50000
WAL000972,CUST00972,Active,2024-07-23,17335.33,Standard,5000,50000
WAL000973,CUST00973,Active,2026-02-19,9988.39,Basic,25000,250000
WAL000974,CUST00974,Active,2026-02-06,5543.61,Premium,10000,50000
WAL000975,CUST00975,Suspended,2024-03-07,20931.32,Premium,25000,50000
WAL000976,CUST00976,Active,2025-01-29,16281.23,Standard,50000,50000
WAL000977,CUST00977,Active,2026-11-25,12208.14,Standard,50000,100000
WAL000978,CUST00978,Suspended,2025-10-22,2126.11,Basic,50000,250000
WAL000979,CUST00979,Active,2026-02-22,16422.4,Standard,10000,50000
WAL000980,CUST00980,Active,2025-05-17,23195.8,Standard,25000,50000
WAL000981,CUST00981,Active,2026-07-29,24166.17,Basic,10000,500000
WAL000982,CUST00982,Active,2026-01-10,11033.66,Premium,25000,50000
WAL000983,CUST00983,Active,2026-05-09,18024.18,Basic,25000,250000
WAL000984,CUST00984,Active,2025-12-03,13033.17,Standard,50000,250000
WAL000985,CUST00985,Active,2024-03-01,982.52,Standard,10000,50000
WAL000986,CUST00986,Active,2025-11-01,10838.32,Standard,10000,50000
WAL000987,CUST00987,Active,2025-08-25,286.24,Basic,5000,250000
WAL000988,CUST00988,Active,2025-07-29,19231.48,Standard,50000,500000
WAL000989,CUST00989,Active,2026-05-17,12652.31,Premium,5000,50000
WAL000990,CUST00990,Active,2024-05-11,10222.42,Standard,5000,100000
WAL000991,CUST00991,Active,2024-08-22,17982.87,Basic,50000,500000
WAL000992,CUST00992,Active,2025-10-05,6411.65,Standard,5000,500000
WAL000993,CUST00993,Active,2026-02-28,19095.85,Basic,50000,50000
WAL000994,CUST00994,Closed,2026-06-10,14002.25,Basic,50000,500000
WAL000995,CUST00995,Active,2024-09-01,7699.63,Premium,50000,50000
WAL000996,CUST00996,Active,2024-01-10,20033.52,Premium,5000,250000
WAL000997,CUST00997,Active,2026-08-20,479.33,Premium,10000,500000
WAL000998,CUST00998,Active,2025-10-03,3550.81,Standard,50000,250000
WAL000999,CUST00999,Active,2024-07-29,18012.63,Premium,5000,500000
WAL001000,CUST01000,Active,2024-06-29,4268.51,Premium,25000,250000
